"0","345574841","10.0318915","105.7823972","5253656280:0.0801153915090008"
"1","419940418","10.0336458","105.7807596","2598517933:0.033202236356547024 6932082485:0.00787847687748003"
"2","419940518","10.0333348","105.7800326","6932072885:0.03272709720810714 5253656271:0.01967514150033244 1930020914:0.014666894909682747"
"3","419940519","10.0339317","105.7800149","1038747444:0.00741854141343575 1241518861:0.020437424985689324 1777705044:0.041640759704905245"
"4","1038596465","10.0357200","105.7839615","8952910525:0.05862531592509836"
"5","1038596752","10.0364391","105.7824815","2598517961:0.022830757784859185 1340703006:0.045175661183560326"
"6","1038597107","10.0338371","105.7828028","1924760081:0.003332591531161218 6427208073:0.004304300774690556 7234432185:0.0093017730869972"
"7","1038747093","10.0352905","105.7806737","1038747639:0.03693965191783959 1038747565:0.026331640018111366"
"8","1038747155","10.0324065","105.7821851","1038747688:0.01559395284822595 1038747598:0.003185519955622788"
"9","1038747225","10.0325507","105.7822861","1038747431:0.0045233060868233475 1038748188:0.009360878859071007"
"10","1038747234","10.0356646","105.7811285","1038747794:0.0344710277204764 1038747639:0.028031561120506004"
"11","1038747242","10.0322993","105.7823356","1038747284:0.0032220626616653123 1038747645:0.0029389535824398526"
"12","1038747254","10.0324324","105.7824956","1038747840:0.0019690509087114116 1038747284:0.019822467133839165"
"13","1038747284","10.0323121","105.7823620","1038747254:0.019822467133839165 1038747242:0.0032220626616653123"
"14","1038747303","10.0381542","105.7826945","6541775527:0.03166290153291109 11183095936:0.014064200024266912"
"15","1038747309","10.0363495","105.7815375","1579084332:0.023940858533730267 1038747745:0.02709863719204737"
"16","1038747354","10.0324467","105.7825381","1038748021:0.007445272931781553 1038747840:0.004512478594531478"
"17","1038747387","10.0366315","105.7801317","1579084330:0.054497719567667344 1038747493:0.016005045325932752"
"18","1038747391","10.0350930","105.7813378","1038747664:0.04050776417908718 4599375290:0.009577323830156128 1039978058:0.05423292902794498 1797789394:0.048435193650702785"
"19","1038747402","10.0370089","105.7810524","1038748105:0.048572304810206 5177687761:0.022837804864718734"
"20","1038747431","10.0325207","105.7823140","1038748168:0.006378535415402079 1038747225:0.0045233060868233475"
"21","1038747444","10.0339249","105.7800823","5253656277:0.037833720836200006 419940519:0.00741854141343575 3867250435:0.041070292482961665"
"22","1038747449","10.0324767","105.7824706","1038748188:0.019703580584699055 1038748021:0.003201102593054452"
"23","1038747485","10.0355819","105.7794575","1243032123:0.03703930555777027 1038748081:0.03229838426699456"
"24","1038747493","10.0366874","105.7802664","1038748105:0.04464059093454726 1038747387:0.016005045325932752"
"25","1038747518","10.0325133","105.7822419","1038748333:0.00941571539466293 1038748168:0.004718650781288008"
"26","1038747565","10.0351364","105.7804911","1038747093:0.026331640018111366 6417514750:0.03578933365511023"
"27","1038747598","10.0324258","105.7822066","1038747155:0.003185519955622788 1038748333:0.004578296785352872"
"28","1038747639","10.0354919","105.7809420","1038747234:0.028031561120506004 1038747093:0.03693965191783959"
"29","1038747645","10.0322951","105.7823091","1038747242:0.0029389535824398526 1038747688:0.003178692773221417"
"30","1038747664","10.0353501","105.7810757","1579242588:0.01687626630745974 1038747391:0.04050776417908718 6543961462:0.029010804814879373"
"31","1038747688","10.0323030","105.7822812","1038747155:0.01559395284822595 1038747645:0.003178692773221417"
"32","1038747745","10.0361058","105.7815389","1038747309:0.02709863719204737 1038747794:0.032417835476104176"
"33","1038747794","10.0358710","105.7813634","1038747745:0.032417835476104176 1038747234:0.0344710277204764"
"34","1038747796","10.0313901","105.7818039","1780022259:0.10429231421067817"
"35","1038747830","10.0358014","105.7823555","6541763649:0.051402864952389 2598517961:0.04944674671623432"
"36","1038747840","10.0324193","105.7825077","1038747354:0.004512478594531478 1038747254:0.0019690509087114116"
"37","1038747908","10.0342554","105.7821682","6543929800:0.004470833876043177 4555821860:0.005970722425333532 2325030443:0.007332390121467022"
"38","1038747928","10.0368140","105.7813758","5177687761:0.02151754559471519 5177687760:0.014094178890732017"
"39","1038747978","10.0352296","105.7822860","1039978685:0.021691853874827065 2325030443:0.1047759444393628 6541763649:0.012632169867478811"
"40","1038748021","10.0324961","105.7824922","1038747449:0.003201102593054452 1038747354:0.007445272931781553"
"41","1038748081","10.0358639","105.7793868","1038747485:0.03229838426699456 1579084356:0.037288795627230364"
"42","1038748105","10.0368497","105.7806393","1038747493:0.04464059093454726 1038747402:0.048572304810206"
"43","1038748151","10.0348522","105.7815405","4599375290:0.025201206042816063 4564545995:0.01909300575558365 1039978685:0.07702354441135784"
"44","1038748168","10.0324820","105.7822710","1038747518:0.004718650781288008 1038747431:0.006378535415402079"
"45","1038748188","10.0326075","105.7823492","1038747225:0.009360878859071007 1038747449:0.019703580584699055"
"46","1038748252","10.0351451","105.7798818","6417514750:0.03412397033249195 1243032123:0.03148130415290636"
"47","1038748302","10.0331346","105.7836886","6427204310:0.05665745417349656"
"48","1038748333","10.0324562","105.7821784","1038747598:0.004578296785352872 1038747518:0.00941571539466293"
"49","1039976480","10.0327973","105.7825691","1039978982:0.008551282308150332 1039978450:0.009261904688615718"
"50","1039976549","10.0328746","105.7827349","1039977062:0.0029586858052724862 1039977225:0.0010621178777674451"
"51","1039976675","10.0329287","105.7826138","1039979204:0.0016884066476226087 1039977340:0.006818006071718558"
"52","1039976761","10.03261","105.783111","1039979277:0.027291918878840353 1039977422:0.01674320069019094"
"53","1039976888","10.0331776","105.7830209","1039977505:0.025259963534047882 1039979492:0.011221984620834123"
"54","1039977062","10.0328566","105.7827150","1039976549:0.0029586858052724862 1039979411:0.020111836218256685"
"55","1039977225","10.0328676","105.7827415","1039976549:0.0010621178777674451 1039977799:0.03440039347941348"
"56","1039977340","10.0329697","105.7826601","1039976675:0.006818006071718558 1039977990:0.004658002634267012"
"57","1039977381","10.0356142","105.7818884","1039978058:0.029620204643630823"
"58","1039977422","10.0327164","105.7830028","1039976761:0.01674320069019094 1039978112:0.02068699628608651"
"59","1039977505","10.0330089","105.7831754","1039976888:0.025259963534047882 1039978325:0.00953544122395237"
"60","1039977623","10.0329850","105.7833146","1039978325:0.012176470778759158 1039978583:0.021085256331887087"
"61","1039977799","10.0330775","105.7829723","1039977225:0.03440039347941348 1039978787:0.01903411667585841"
"62","1039977990","10.0329386","105.7826886","1039977340:0.004658002634267012 1039978897:0.03358806870294028"
"63","1039978058","10.0354114","105.7817130","1039977381:0.029620204643630823 1038747391:0.05423292902794498"
"64","1039978112","10.0325918","105.7828625","1039977422:0.02068699628608651 1039978982:0.038483792791834406"
"65","1039978325","10.0330663","105.7832401","1039977505:0.00953544122395237 1039977623:0.012176470778759158"
"66","1039978450","10.0328592","105.7825125","1039976480:0.009261904688615718 1039979204:0.013416536935568197"
"67","1039978583","10.0328580","105.7831716","1039977623:0.021085256331887087 1039979277:0.0019699698959333187"
"68","1039978685","10.0352792","105.7820944","1038748151:0.07702354441135784 1038747978:0.021691853874827065"
"69","1039978787","10.0329518","105.7830903","1039977799:0.01903411667585841 1039979411:0.03735857767115153"
"70","1039978897","10.0331409","105.7829164","1039977990:0.03358806870294028 1039979492:0.004634160459747361"
"71","1039978982","10.0328488","105.7826271","1039978112:0.038483792791834406 1039976480:0.008551282308150332"
"72","1039979204","10.0329400","105.7826035","1039978450:0.013416536935568197 1039976675:0.0016884066476226087"
"73","1039979277","10.0328448","105.7831836","1039978583:0.0019699698959333187 1039976761:0.027291918878840353"
"74","1039979411","10.0327238","105.7828397","1039978787:0.03735857767115153 1039977062:0.020111836218256685"
"75","1039979492","10.0331100","105.7829448","1039978897:0.004634160459747361 1039976888:0.011221984620834123"
"76","1241518861","10.033748","105.780021","419940519:0.020437424985689324 6932072785:0.006894954909793391"
"77","1243032123","10.0353038","105.7796437","1038748252:0.03148130415290636 1038747485:0.03703930555777027"
"78","1340702907","10.0315568","105.7818512","1340702947:0.059683382276952454 1340703016:0.010831011854416303"
"79","1340702909","10.0336835","105.7801301","1340702957:0.006967257488213497 1340703007:0.008227279852414877"
"80","1340702910","10.0334744","105.7800697","1340702958:0.006197427648972354 1340702984:0.005759897200143906"
"81","1340702924","10.0332831","105.7794325","1340702936:0.011203843390284319 1340703010:0.038923680256626056"
"82","1340702926","10.0334638","105.7794374","1340703012:0.04512661754142709 1340702963:0.010524652545068465"
"83","1340702929","10.0337890","105.7802782","1340702974:0.008172586517816879 1340703004:0.007169639655466304"
"84","1340702935","10.0347444","105.7826953","8834308844:0.006707473467903445"
"85","1340702936","10.0333510","105.7795081","1340702924:0.011203843390284319 1340702972:0.03893188865452213"
"86","1340702938","10.0334624","105.7799482","1340702950:0.021015785237203044 1340703020:0.053843799166986665"
"87","1340702942","10.0333555","105.7800814","1340702984:0.007570361734430516 1340703016:0.2700979936470226"
"88","1340702947","10.0319195","105.7822530","1340702907:0.059683382276952454 11292978038:0.12357924072192963"
"89","1340702950","10.0335997","105.7798163","1340702938:0.021015785237203044 1340702982:0.05384347352692163"
"90","1340702952","10.0337795","105.7804906","1340702994:0.00639911864713675 1340703021:0.006540830168600773"
"91","1340702957","10.0337315","105.7801710","1340703004:0.00627686667986002 1340702909:0.006967257488213497"
"92","1340702958","10.0335301","105.7800717","1340703007:0.010557866436991333 1340702910:0.006197427648972354"
"93","1340702963","10.0335352","105.7793743","1340702926:0.010524652545068465 1340703002:0.04512564847711081"
"94","1340702972","10.0336096","105.7792684","1340703010:0.0112113348133456 1340702936:0.03893188865452213"
"95","1340702974","10.0337986","105.7803522","1340703021:0.008967576339702386 1340702929:0.008172586517816879"
"96","1340702980","10.0359490","105.7833991","5257347032:0.07080168847002659"
"97","1340702982","10.0332669","105.7794591","1340703020:0.021000193016362977 1340702950:0.05384347352692163"
"98","1340702984","10.0334226","105.7800697","1340702910:0.005759897200143906 1340702942:0.007570361734430516"
"99","1340702989","10.0337754","105.7805496","6932082485:0.019258491800117097 1780021180:0.012844748071771949 4555820369:0.011758285543289317"
"100","1340702994","10.0337449","105.7805373","1340703018:0.010028667554007994 1340702952:0.00639911864713675"
"101","1340702995","10.0370310","105.7812010","6417516056:0.006935706689279496"
"102","1340703002","10.0338016","105.7796852","1340702963:0.04512564847711081 1340703012:0.010540224834820708"
"103","1340703004","10.0337641","105.7802178","1340702929:0.007169639655466304 1340702957:0.00627686667986002"
"104","1340703006","10.0368453","105.7824736","1038596752:0.045175661183560326 6541775527:0.11587620216136847"
"105","1340703007","10.0336241","105.7800853","1340702909:0.008227279852414877 1340702958:0.010557866436991333"
"106","1340703010","10.0335416","105.7791928","1340702924:0.038923680256626056 1340702972:0.0112113348133456"
"107","1340703012","10.0337301","105.7797484","1340702926:0.04512661754142709 1340703002:0.010540224834820708"
"108","1340703016","10.0315693","105.7817531","1340702942:0.2700979936470226 1340702907:0.010831011854416303"
"109","1340703018","10.0337085","105.7806211","11292978038:0.14381609703416426 1340702994:0.010028667554007994"
"110","1340703020","10.0331297","105.7795909","1340702938:0.053843799166986665 1340702982:0.021000193016362977"
"111","1340703021","10.0337986","105.7804341","1340702952:0.006540830168600773 1340702974:0.008967576339702386"
"112","1497107034","10.0386072","105.7824945","11183095936:0.04086132971201369"
"113","1497131051","10.0320730","105.7798386","1497131053:0.05588501325268863 1497131052:0.033971598599869195"
"114","1497131052","10.0323087","105.7796412","5253656273:0.011570091207934707 1497131051:0.033971598599869195"
"115","1497131053","10.0324170","105.7802107","1497131051:0.05588501325268863 5199300157:0.012194311466832558 5261415329:0.011765584809892295"
"116","1497131054","10.0325041","105.7794775","1497131056:0.02926298736785934 5253656273:0.016596622208802658"
"117","1497131055","10.0325534","105.7791426","5211512495:0.0158419691205632 8834154699:0.0221054149531851"
"118","1497131056","10.0326829","105.7792814","5253656274:0.015974530539100716 1497131054:0.02926298736785934 5211512495:0.005094759181593703"
"119","1497131058","10.0328584","105.7794546","5655327622:0.035513248670595784 5211512500:0.006890159056731046 5211512494:0.03652156160329666"
"120","1497131059","10.0331188","105.7786501","6541925687:0.03522554378121933"
"121","1497131061","10.0334502","105.7789203","7084034886:0.027829779836308716"
"122","1579084330","10.0363862","105.7797008","1579084356:0.030874690595749623 1038747387:0.054497719567667344"
"123","1579084332","10.0365547","105.7814713","5177687760:0.016594690641584316 1038747309:0.023940858533730267"
"124","1579084356","10.0361719","105.7795215","1038748081:0.037288795627230364 1579084330:0.030874690595749623"
"125","1579242557","10.0366841","105.7801299","10198880060:5.505811597624524E-4 1579242559:0.04599558560489687"
"126","1579242559","10.0365184","105.7797450","1579242557:0.04599558560489687 1579242572:0.045456684836847096"
"127","1579242561","10.0352728","105.7807300","1579242574:0.03188807412465952 1579242588:0.032195785623039035"
"128","1579242563","10.0358504","105.7793227","1579242572:0.04343769482999767 1579242581:0.05318896990587895"
"129","1579242564","10.0360592","105.7815911","1579242568:0.03500356779917544 1579242570:0.025854220285811805"
"130","1579242568","10.0358265","105.7813758","1579242577:0.03193750954918554 1579242564:0.03500356779917544"
"131","1579242570","10.0362908","105.7816120","1579242564:0.025854220285811805 6417516055:0.03636102190044008"
"132","1579242572","10.0362139","105.7794680","1579242559:0.045456684836847096 1579242563:0.04343769482999767"
"133","1579242574","10.0350945","105.7805019","6417514751:0.03643487762245909 1579242561:0.03188807412465952"
"134","1579242577","10.0356285","105.7811645","1579242588:0.029698428406697504 1579242568:0.03193750954918554"
"135","1579242578","10.0367095","105.7814605","6417516055:0.013121415104272055 1579242579:0.02412899739526831"
"136","1579242579","10.0369042","105.7813632","1579242578:0.02412899739526831 6417516056:0.016176302345278205"
"137","1579242580","10.0351120","105.7798257","1579242581:0.04919007739034233 6417514751:0.040283168313020694"
"138","1579242581","10.0353992","105.7794840","1579242563:0.05318896990587895 1579242580:0.04919007739034233"
"139","1579242588","10.0354517","105.7809612","1038747664:0.01687626630745974 1579242561:0.032195785623039035 1579242577:0.029698428406697504"
"140","1775719435","10.0338167","105.7799413","1775719437:0.04155528999148827 1775719445:0.042347802705471164"
"141","1775719437","10.0334458","105.7799878","1775719449:0.05935603871502135 1775719435:0.04155528999148827"
"142","1775719439","10.0336026","105.7791380","9884924329:0.044726040326552606 1775719449:0.076956368683063"
"143","1775719445","10.0341039","105.7796873","9884924330:0.03703883969849292 1775719435:0.042347802705471164"
"144","1775719449","10.0330773","105.7795956","1775719439:0.076956368683063 1775719437:0.05935603871502135"
"145","1775850800","10.0332763","105.7781083","1775850815:0.015409235638673366 5211512479:0.01671918559061988"
"146","1775850802","10.0332602","105.7776591","1775850870:0.04050773016584574 6541906856:0.020045297683970297"
"147","1775850809","10.0316984","105.7764050","1775850823:0.017789333530119463"
"148","1775850813","10.0330971","105.7767298","5251642921:0.02226579008668896 5251640720:0.014426992525072376"
"149","1775850815","10.0332734","105.7779676","6541906856:0.013765598069106988 1775850800:0.015409235638673366"
"150","1775850819","10.0333705","105.7783868","5211512479:0.015682692843561784 1775850822:0.019818056599434093"
"151","1775850822","10.0335069","105.7785033","1775850819:0.019818056599434093 1775850832:0.022688879318456194"
"152","1775850823","10.0318577","105.7764200","1775850809:0.017789333530119463 1775850840:0.03518083136322928"
"153","1775850832","10.0336174","105.7786775","1775850822:0.022688879318456194 1775850834:0.017484065793081604"
"154","1775850834","10.0336747","105.7788262","1775850832:0.017484065793081604 5253409328:0.015305210162879048"
"155","1775850840","10.0321437","105.7762826","1775850823:0.03518083136322928 1775850856:0.04662150234307581"
"156","1775850842","10.0338559","105.7793479","1775850850:0.016081455496199795 5253410041:8.086742176237516E-4"
"157","1775850846","10.0337728","105.7790913","5253409328:0.016087882810188307 6205627885:0.012075905901248836"
"158","1775850850","10.0337864","105.7792191","6205627885:0.001999732391457556 1775850842:0.016081455496199795"
"159","1775850856","10.0325197","105.7760942","1775850840:0.04662150234307581 1777676496:0.017746647180431886"
"160","1775850857","10.0339527","105.7794856","5253410041:0.017716712662965824 1778054538:0.02042124689558248"
"161","1775850859","10.0330066","105.7763234","1775850874:0.015967844811556074 1775850876:0.011087394192638572"
"162","1775850864","10.0331974","105.7769736","5251640720:0.015594977276441057 9913848735:0.024823566125041316"
"163","1775850869","10.0328033","105.7761410","1777676496:0.015061957819162745 1775850874:0.01434932020173699"
"164","1775850870","10.0332761","105.7772895","9913848735:0.010855551071294342 1775850802:0.04050773016584574"
"165","1775850874","10.0329085","105.7762169","1775850869:0.01434932020173699 1775850859:0.015967844811556074"
"166","1775850876","10.0330907","105.7763778","1775850859:0.011087394192638572 5251642921:0.017568889056717628"
"167","1777676496","10.0326791","105.7760861","1775850856:0.017746647180431886 1775850869:0.015061957819162745"
"168","1777705044","10.0342205","105.7797728","1780019028:0.02639844706933684 1780019052:0.02581570011714735 419940519:0.041640759704905245 7104059086:0.0059551101011944855"
"169","1778054538","10.034079","105.779621","1775850857:0.02042124689558248 7104059086:0.01693239605061892"
"170","1780019028","10.034038","105.779927","1777705044:0.02639844706933684 5082847305:0.04901351135950033"
"171","1780019032","10.033152","105.780191","5253656271:0.007045283695765728 1780019048:0.01840482408418712"
"172","1780019035","10.034549","105.779471","1780019543:0.010161594684758052 1780019046:0.004686661166040573"
"173","1780019045","10.0347","105.779332","5211500021:0.0011742115881163851 5211500024:0.002733282663736193"
"174","1780019046","10.034518","105.7795","1780019035:0.004686661166040573 1780019527:0.017663510666557525"
"175","1780019047","10.032878","105.780427","1780019048:0.021545282759349464 1780022261:0.019730689074389202"
"176","1780019048","10.033026","105.7803","1780019032:0.01840482408418712 1780019047:0.021545282759349464"
"177","1780019052","10.034393","105.779615","1780019527:0.0010923869718649796 1777705044:0.02581570011714735"
"178","1780019527","10.0344","105.779608","1780019046:0.017663510666557525 1780019052:0.0010923869718649796"
"179","1780019543","10.034617","105.779409","5211500024:0.009767258092593465 1780019035:0.010161594684758052"
"180","1780021180","10.033811","105.780438","1340702989:0.012844748071771949 5253656277:0.003121133974677233"
"181","1780022259","10.0320834","105.7811624","5211512490:0.01670229090717139 1038747796:0.10429231421067817"
"182","1780022261","10.0327433","105.7805443","1780019047:0.019730689074389202 5243692853:0.07734284386979161 5199300157:0.039290751315124696"
"183","1797780982","10.0355323","105.7785675","5850144886:0.03417783607742536"
"184","1797789394","10.034785","105.781025","1038747391:0.048435193650702785 4510185390:0.009596508961076949"
"185","1924752198","10.032978","105.779601","1924752395:0.004769663344648133 5211512500:0.01393823533197251"
"186","1924752395","10.033006","105.779634","5253656276:0.011427545492215307 1924752198:0.004769663344648133"
"187","1924758158","10.0344801","105.7820587","1924758160:0.009633247147263048 1924758159:0.016610566170491295"
"188","1924758159","10.0345857","105.7819514","1924758158:0.016610566170491295 1924758162:0.013311822315369074"
"189","1924758160","10.0344114","105.7820051","1924758158:0.009633247147263048 1924758163:0.024154909652181318"
"190","1924758161","10.0346597","105.7817851","1924758162:0.009568206889383247 1924758163:0.01248606909241642"
"191","1924758162","10.0346755","105.7818710","1924758159:0.013311822315369074 1924758161:0.009568206889383247"
"192","1924758163","10.0345752","105.7818602","1924758161:0.01248606909241642 1924758160:0.024154909652181318"
"193","1924760081","10.033853","105.782777","6447921287:0.0076526362470822305 1038597107:0.003332591531161218"
"194","1930020914","10.03325","105.77993","419940518:0.014666894909682747 5253656276:0.030840088645578547"
"195","2322892083","10.032892","105.781459","6813546218:0.011401143427134448 6543958550:0.04085051803427729 5340053259:0.15902802675073957 9311889578:0.13559662523159297"
"196","2325030443","10.0342892","105.7822257","1038747908:0.007332390121467022 1038747978:0.1047759444393628"
"197","2598517930","10.0331868","105.7811826","6543958550:0.003764207668577681 6543958551:0.01155192368008376"
"198","2598517933","10.0334247","105.7809634","6543958552:0.0030733861593502105 419940418:0.033202236356547024"
"199","2598517946","10.0344134","105.7806365","6543961456:0.011098764611817245 3867250435:0.04037164113289841"
"200","2598517948","10.0346474","105.7803263","5082847305:0.03492263342614122 6541754856:0.02207448372745105"
"201","2598517961","10.0362359","105.7824516","1038747830:0.04944674671623432 1038596752:0.022830757784859185"
"202","3867250435","10.034171","105.780362","2598517946:0.04037164113289841 1038747444:0.041070292482961665"
"203","4510185390","10.034724","105.780963","1797789394:0.009596508961076949 6543961457:0.021221678051800995"
"204","4515012324","10.0339829","105.7796540","9884924327:0.00855939984635496 4515012327:0.022416933522295093"
"205","4515012327","10.0338330","105.7797909","9884924328:0.008559402035075455 4515012324:0.022416933522295093"
"206","4555820364","10.0342894","105.7821038","6543929802:0.029447395803198422 6543929800:0.0035307804993078727 6543929801:0.008842401871537897"
"207","4555820365","10.0342197","105.7817896","6543929801:0.026422823511340003 6543876652:0.02048033934566872"
"208","4555820366","10.0341849","105.7812859","6543876653:0.01614568661330882 5253656278:0.014562809780548858"
"209","4555820367","10.0341860","105.7809711","4555820372:0.003936874256870393 8952884878:0.00957348891641848"
"210","4555820368","10.0340195","105.7807955","6543952278:0.002029017713030678 6543952279:0.008995056671785292"
"211","4555820369","10.0338629","105.7806099","5253656279:0.006973072242251383 1340702989:0.011758285543289317"
"212","4555820371","10.0345160","105.7807524","6543961457:0.011438223577830866 6541754855:0.0030926810163255003 4555820372:0.04507482273825113"
"213","4555820372","10.0341963","105.7810055","6543952277:0.009368932669986344 4555820367:0.003936874256870393 4555820371:0.04507482273825113"
"214","4555821860","10.0342208","105.7822099","1038747908:0.005970722425333532 4786265721:0.029409713517417547 6541685827:0.015447978447801896"
"215","4564545995","10.03473","105.781663","1038748151:0.01909300575558365 4597388989:0.0029650488900431695"
"216","4564778693","10.035049","105.780052","6417514751:0.014533561628199467"
"217","4597388989","10.034711","105.781682","4564545995:0.0029650488900431695 6543929802:0.03636086966098472"
"218","4599375290","10.035027","105.781394","1038747391:0.009577323830156128 1038748151:0.025201206042816063"
"219","4786265721","10.034075","105.782434","4555821860:0.029409713517417547 6427207153:0.001694984496387238"
"220","5082847305","10.034454","105.780075","1780019028:0.04901351135950033 2598517948:0.03492263342614122"
"221","5177687760","10.0366933","105.7814151","1038747928:0.014094178890732017 1579084332:0.016594690641584316"
"222","5177687761","10.0369680","105.7812568","1038747402:0.022837804864718734 1038747928:0.02151754559471519"
"223","5199300157","10.032494","105.78029","1497131053:0.012194311466832558 1780022261:0.039290751315124696"
"224","5211499616","10.034794","105.779246","5850144886:0.07654196031754117 5211499619:0.007190125654175955"
"225","5211499619","10.034746","105.77929","5211499616:0.007190125654175955 5211500021:0.005704426933829611"
"226","5211500021","10.034708","105.779325","5211499619:0.005704426933829611 1780019045:0.0011742115881163851"
"227","5211500024","10.034682","105.779349","1780019045:0.002733282663736193 1780019543:0.009767258092593465"
"228","5211512479","10.0333113","105.7782568","1775850800:0.01671918559061988 1775850819:0.015682692843561784"
"229","5211512490","10.032199","105.781065","5243692853:0.005817269323261995 1780022259:0.01670229090717139"
"230","5211512494","10.03253","105.779449","1497131058:0.03652156160329666 5253656275:0.035693739396982116"
"231","5211512495","10.032651","105.779248","1497131056:0.005094759181593703 1497131055:0.0158419691205632"
"232","5211512500","10.032898","105.779503","1924752198:0.01393823533197251 1497131058:0.006890159056731046"
"233","5237512774","10.0326576","105.7793612","5237512775:0.023313901219990787 5237512777:0.006382775901586939"
"234","5237512775","10.0327956","105.7795215","5237512776:0.006956143493992314 5237512774:0.023313901219990787"
"235","5237512776","10.0328411","105.7794779","5237512777:0.023637780882017255 5237512775:0.006956143493992314"
"236","5237512777","10.0326972","105.7793190","5237512776:0.023637780882017255 5237512774:0.006382775901586939"
"237","5243692853","10.0322392","105.7810310","1780022261:0.07734284386979161 5211512490:0.005817269323261995"
"238","5251640720","10.0331119","105.7768607","1775850813:0.014426992525072376 1775850864:0.015594977276441057"
"239","5251642921","10.0331383","105.7765308","1775850876:0.017568889056717628 1775850813:0.02226579008668896"
"240","5253409328","10.0337431","105.7789475","1775850834:0.015305210162879048 1775850846:0.016087882810188307"
"241","5253410041","10.03386","105.779354","1775850842:8.086742176237516E-4 1775850857:0.017716712662965824"
"242","5253652532","10.032383","105.782886"," "
"243","5253656271","10.0332","105.780149","419940518:0.01967514150033244 1780019032:0.007045283695765728"
"244","5253656272","10.032532","105.7801","5261415329:0.005853811987684956 7192614286:0.023419701005617008"
"245","5253656273","10.032389","105.779574","1497131054:0.016596622208802658 1497131052:0.011570091207934707"
"246","5253656274","10.032786","105.779383","5253656275:0.010143617636689643 1497131056:0.015974530539100716"
"247","5253656275","10.032851","105.779448","5211512494:0.035693739396982116 5253656274:0.010143617636689643"
"248","5253656276","10.033072","105.779714","1930020914:0.030840088645578547 1924752395:0.011427545492215307"
"249","5253656277","10.03382","105.780411","1780021180:0.003121133974677233 1038747444:0.037833720836200006"
"250","5253656278","10.03419","105.781153","4555820366:0.014562809780548858 6543952277:0.0067968242163809044"
"251","5253656279","10.033904","105.780658","6543952279:0.01079406912027788 4555820369:0.006973072242251383"
"252","5253656280","10.032421","105.781901","345574841:0.0801153915090008 6539033110:0.010347856046548245"
"253","5253685277","10.032519","105.783021"," "
"254","5256961162","10.0349118","105.7798420","5256961163:0.005321287562013663 5256961165:0.01463308711444525"
"255","5256961163","10.0349065","105.7798903","5256961164:0.014633087117343244 5256961162:0.005321287562013663"
"256","5256961164","10.0350373","105.7799050","5256961165:0.005321285438728471 5256961163:0.014633087117343244"
"257","5256961165","10.0350426","105.7798567","5256961164:0.005321285438728471 5256961162:0.01463308711444525"
"258","5256961166","10.0343862","105.7802846","5256961167:0.0024889737088119907 5256961169:0.013505401287098106"
"259","5256961167","10.0344021","105.7803006","5256961168:0.013489795870764163 5256961166:0.0024889737088119907"
"260","5256961168","10.0344879","105.7802135","5256961169:0.0024888306693092127 5256961167:0.013489795870764163"
"261","5256961169","10.0344721","105.7801974","5256961168:0.0024888306693092127 5256961166:0.013505401287098106"
"262","5256961170","10.0343612","105.7807863","5256961171:0.007293976587082122 5256961173:0.010742941997848357"
"263","5256961171","10.0344034","105.7808373","5256961172:0.010751449132171277 5256961170:0.007293976587082122"
"264","5256961172","10.0344774","105.7807741","5256961173:0.007301134065540943 5256961171:0.010751449132171277"
"265","5256961173","10.0344351","105.7807231","5256961172:0.007301134065540943 5256961170:0.010742941997848357"
"266","5256961174","10.0344708","105.7809278","5256961175:0.005296926724269533 5256961177:0.011816854825460233"
"267","5256961175","10.0344973","105.7809680","5256961176:0.011801528124892213 5256961174:0.005296926724269533"
"268","5256961176","10.0345856","105.7809082","5256961177:0.005299860921724874 5256961175:0.011801528124892213"
"269","5256961177","10.0345592","105.7808679","5256961176:0.005299860921724874 5256961174:0.011816854825460233"
"270","5256961186","10.0340778","105.7803365","5256961189:0.01465039459099326 5256961187:0.0035384702779950143"
"271","5256961187","10.0340805","105.7803687","5256961186:0.0035384702779950143 5256961188:0.014661475782603427"
"272","5256961188","10.0339491","105.7803798","5256961187:0.014661475782603427 5256961189:0.0035375456065551095"
"273","5256961189","10.0339465","105.7803476","5256961186:0.01465039459099326 5256961188:0.0035375456065551095"
"274","5256961190","10.0344287","105.7811014","5256961193:0.017808325553904193 5256961191:0.004156481705753458"
"275","5256961191","10.0343917","105.7811068","5256961190:0.004156481705753458 5256961192:0.01781759477116112"
"276","5256961192","10.0343691","105.7809457","5256961191:0.01781759477116112 5256961193:0.00414392806297192"
"277","5256961193","10.0344060","105.7809404","5256961190:0.017808325553904193 5256961192:0.00414392806297192"
"278","5256961198","10.0344728","105.7793124","5256961201:0.018736867761351323 5256961199:0.0073378690427342835"
"279","5256961199","10.0344200","105.7793526","5256961198:0.0073378690427342835 5256961200:0.018736869716783507"
"280","5256961200","10.0343189","105.7792157","5256961199:0.018736869716783507 5256961201:0.0073378698671233734"
"281","5256961201","10.0343717","105.7791755","5256961198:0.018736867761351323 5256961200:0.0073378698671233734"
"282","5256961202","10.0345579","105.7792459","5256961205:0.028641528073592576 5256961203:0.00810746045583163"
"283","5256961203","10.0345077","105.7792996","5256961202:0.00810746045583163 5256961204:0.028228987510597246"
"284","5256961204","10.0343374","105.7791084","5256961203:0.028228987510597246 5256961205:0.00811777107785143"
"285","5256961205","10.0343849","105.7790521","5256961202:0.028641528073592576 5256961204:0.00811777107785143"
"286","5257034307","10.0351138","105.7826162","5257034308:0.0020266600191214358 5257347026:0.0030972846407386883"
"287","5257034308","10.0351292","105.7826261","5257034309:0.0030483873642072924 5257034307:0.0020266600191214358"
"288","5257034309","10.0351439","105.7826026","5257034310:0.005588276861218016 5257034308:0.0030483873642072924"
"289","5257034310","10.0351863","105.7826300","5257034311:0.004229283109929366 5257034309:0.005588276861218016"
"290","5257034311","10.0351659","105.7826626","5257034312:0.00840705615452071 5257034310:0.004229283109929366"
"291","5257034312","10.0352297","105.7827038","5257034313:0.012395086402770551 5257034311:0.00840705615452071"
"292","5257034313","10.0352894","105.7826082","5257034314:0.016016116642978747 5257034312:0.012395086402770551"
"293","5257034314","10.0351678","105.7825298","5257034313:0.016016116642978747 5257347026:0.008107666721193613"
"294","5257034315","10.0351027","105.7826572","5257034316:0.01423227853663109 5257034319:0.0026587669431824322"
"295","5257034316","10.0350361","105.7827682","5257034315:0.01423227853663109 5257034317:0.00501178492287813"
"296","5257034317","10.0350746","105.7827920","5257034318:0.01688524738462861 5257034316:0.00501178492287813"
"297","5257034318","10.0351536","105.7826603","5257034319:0.005002289800394609 5257034317:0.01688524738462861"
"298","5257034319","10.0351152","105.7826365","5257034315:0.0026587669431824322 5257034318:0.005002289800394609"
"299","5257034552","10.0339742","105.7829574","6447936056:0.001348386969164045 6447925217:0.010430977704662106"
"300","5257034553","10.0341525","105.7830486","5257034594:0.06134673714586024 6447939182:0.003549433552338158"
"301","5257034554","10.0351918","105.7837017","8952910525:0.006634049342253712 5257034594:0.07458079658232997"
"302","5257034594","10.0346279","105.7833329","5257034554:0.07458079658232997 5257034553:0.06134673714586024"
"303","5257035515","10.0340970","105.7792908","5257035516:0.005007284327293637 5257035518:0.010004463205188949"
"304","5257035516","10.0341261","105.7793257","5257035517:0.009995974917648013 5257035515:0.005007284327293637"
"305","5257035517","10.0341947","105.7792667","5257035518:0.005000105346778582 5257035516:0.009995974917648013"
"306","5257035518","10.0341657","105.7792318","5257035517:0.005000105346778582 5257035515:0.010004463205188949"
"307","5257035975","10.0343154","105.7804406","5257035976:0.0049989312545269966 5257035978:0.01079984930363826"
"308","5257035976","10.0343445","105.7804754","5257035977:0.010378351171456371 5257035975:0.0049989312545269966"
"309","5257035977","10.0344087","105.7804066","5257035978:0.004648256504564816 5257035976:0.010378351171456371"
"310","5257035978","10.0343849","105.7803717","5257035977:0.004648256504564816 5257035975:0.01079984930363826"
"311","5257035979","10.0349317","105.7808673","5257035980:0.006299078428037488 5257035982:0.010336013927163915"
"312","5257035980","10.0349581","105.7809182","5257035981:0.010951504770694455 5257035979:0.006299078428037488"
"313","5257035981","10.0350294","105.7808492","5257035982:0.005949743540757263 5257035980:0.010951504770694455"
"314","5257035982","10.0350003","105.7808036","5257035981:0.005949743540757263 5257035979:0.010336013927163915"
"315","5257035983","10.0351220","105.7812156","5257035986:0.015396219341480898 5257035984:0.005291513697100477"
"316","5257035984","10.0350824","105.7812424","5257035983:0.005291513697100477 5257035985:0.015396220646590585"
"317","5257035985","10.0350056","105.7811254","5257035984:0.015396220646590585 5257035986:0.005291514082393276"
"318","5257035986","10.0350452","105.7810986","5257035983:0.015396219341480898 5257035985:0.005291514082393276"
"319","5257035987","10.0349582","105.7806506","5257035988:0.0040724887910221635 5257035990:0.014804604752273017"
"320","5257035988","10.0349767","105.7806827","5257035989:0.01497838399340048 5257035987:0.0040724887910221635"
"321","5257035989","10.0350795","105.7805943","5257035990:0.003823531390410427 5257035988:0.01497838399340048"
"322","5257035990","10.0350611","105.7805648","5257035989:0.003823531390410427 5257035987:0.014804604752273017"
"323","5257035991","10.0346914","105.7797215","5257035992:0.007057332261036549 5257035994:0.011162328298381452"
"324","5257035992","10.0346940","105.7797859","5257035993:0.011162784760679325 5257035991:0.007057332261036549"
"325","5257035993","10.0347943","105.7797816","5257035994:0.007046389896792452 5257035992:0.011162784760679325"
"326","5257035994","10.0347917","105.7797173","5257035993:0.007046389896792452 5257035991:0.011162328298381452"
"327","5257035995","10.0347177","105.7799882","5257035996:0.00792735878035718 5257035998:0.00998530441263519"
"328","5257035996","10.0347177","105.7800606","5257035997:0.00998530441263519 5257035995:0.00792735878035718"
"329","5257035997","10.0348075","105.7800606","5257035998:0.007927356581792798 5257035996:0.00998530441263519"
"330","5257035998","10.0348075","105.7799882","5257035997:0.007927356581792798 5257035995:0.00998530441263519"
"331","5257035999","10.0344216","105.7806540","5257036002:0.014851376696374142 5257036000:0.0039987983555790476"
"332","5257036000","10.0344428","105.7806835","5257035999:0.0039987983555790476 5257036001:0.014860369194962059"
"333","5257036001","10.0343347","105.7807633","5257036000:0.014860369194962059 5257036002:0.0039922542782859305"
"334","5257036002","10.0343136","105.7807338","5257035999:0.014851376696374142 5257036001:0.0039922542782859305"
"335","5257036019","10.0339047","105.7793533","5257036020:0.005007286059018803 5257036122:0.01877817655108746"
"336","5257036020","10.0339338","105.7793882","5257036121:0.018778175846717298 5257036019:0.005007286059018803"
"337","5257036121","10.0340627","105.7792774","5257036122:0.005007284898149651 5257036020:0.018778175846717298"
"338","5257036122","10.0340336","105.7792425","5257036121:0.005007284898149651 5257036019:0.01877817655108746"
"339","5257036123","10.0338468","105.7792861","5257036124:0.003998802988313571 5257036126:0.020602904117912813"
"340","5257036124","10.0338680","105.7793156","5257036125:0.020593908820693577 5257036123:0.003998802988313571"
"341","5257036125","10.0340178","105.7792050","5257036126:0.0039922568360298 5257036124:0.020593908820693577"
"342","5257036126","10.0339967","105.7791755","5257036125:0.0039922568360298 5257036123:0.020602904117912813"
"343","5257036184","10.0343183","105.7794137","5257036187:0.011022497226324977 5257036185:0.015785878051358"
"344","5257036185","10.0342206","105.7793091","5257036184:0.015785878051358 5257036186:0.011022498802397527"
"345","5257036186","10.0342925","105.7792398","5257036185:0.011022498802397527 5257036187:0.015785876206262952"
"346","5257036187","10.0343902","105.7793444","5257036184:0.011022497226324977 5257036186:0.015785876206262952"
"347","5257036188","10.0342872","105.7800523","5257036191:0.014741147967292043 5257036189:0.004785482632943401"
"348","5257036189","10.0342581","105.7800845","5257036188:0.004785482632943401 5257036190:0.014741148572689667"
"349","5257036190","10.0341604","105.7799935","5257036189:0.014741148572689667 5257036191:0.004785483416817553"
"350","5257036191","10.0341895","105.7799613","5257036188:0.014741147967292043 5257036190:0.004785483416817553"
"351","5257036192","10.0343390","105.7799975","5257036195:0.016230997276944038 5257036193:0.005198790979035059"
"352","5257036193","10.0343073","105.7800324","5257036192:0.005198790979035059 5257036194:0.016238423387544665"
"353","5257036194","10.0342000","105.7799318","5257036193:0.016238423387544665 5257036195:0.005190748916591526"
"354","5257036195","10.0342317","105.7798970","5257036192:0.016230997276944038 5257036194:0.005190748916591526"
"355","5257036196","10.0350545","105.7796387","5257036199:0.016279472358710755 5257036197:0.012486062489318462"
"356","5257036197","10.0349700","105.7795636","5257036196:0.012486062489318462 5257036198:0.01627215530885094"
"357","5257036198","10.0350663","105.7794517","5257036197:0.01627215530885094 5257036199:0.012494430629450128"
"358","5257036199","10.0351509","105.7795268","5257036196:0.016279472358710755 5257036198:0.012494430629450128"
"359","5257295020","10.0339706","105.7812143","5257295423:0.018648675013851927 5257295421:0.006022681717076116"
"360","5257295421","10.0339699","105.7812693","5257295422:0.018648675013659976 5257295020:0.006022681717076116"
"361","5257295422","10.0341376","105.7812713","5257295423:0.006022678598523619 5257295421:0.018648675013659976"
"362","5257295423","10.0341383","105.7812163","5257295020:0.018648675013851927 5257295422:0.006022678598523619"
"363","5257295424","10.0344070","105.7821919","5257295427:0.00867227496315729 5257295425:0.005871459680625855"
"364","5257295425","10.0343542","105.7821913","5257295426:0.008661327414980331 5257295424:0.005871459680625855"
"365","5257295426","10.0343549","105.7821122","5257295427:0.00587134737477912 5257295425:0.008661327414980331"
"366","5257295427","10.0344077","105.7821127","5257295424:0.00867227496315729 5257295426:0.00587134737477912"
"367","5257295436","10.0345972","105.7831050","5257295437:0.024558139341310087 5257295439:0.012678624752383901"
"368","5257295437","10.0347836","105.7832253","5257295438:0.012678619554995888 5257295436:0.024558139341310087"
"369","5257295438","10.0348448","105.7831276","5257295439:0.024558138006780632 5257295437:0.012678619554995888"
"370","5257295439","10.0346584","105.7830073","5257295438:0.024558138006780632 5257295436:0.012678624752383901"
"371","5257295440","10.0348724","105.7830585","5257295441:0.004349731103894943 5257295443:0.01425309817330688"
"372","5257295441","10.0349067","105.7830776","5257295442:0.014243500542226005 5257295440:0.004349731103894943"
"373","5257295442","10.0349684","105.7829636","5257295443:0.004355005911175585 5257295441:0.014243500542226005"
"374","5257295443","10.0349341","105.7829444","5257295442:0.004355005911175585 5257295440:0.01425309817330688"
"375","5257295444","10.0345453","105.7825659","5257295445:0.022159155742445886 5257295447:0.01030398359516406"
"376","5257295445","10.0347202","105.7826629","5257295446:0.010294369947258804 5257295444:0.022159155742445886"
"377","5257295446","10.0347646","105.7825804","5257295447:0.022164405184313982 5257295445:0.010294369947258804"
"378","5257295447","10.0345897","105.7824833","5257295446:0.022164405184313982 5257295444:0.01030398359516406"
"379","5257295448","10.0347506","105.7821962","5257295449:0.008362890728808706 5257295451:0.019974112998490466"
"380","5257295449","10.0346754","105.7821950","5257295450:0.019974117636294746 5257295448:0.008362890728808706"
"381","5257295450","10.0346782","105.7820126","5257295451:0.008362890728593357 5257295449:0.019974117636294746"
"382","5257295451","10.0347534","105.7820138","5257295450:0.008362890728593357 5257295448:0.019974112998490466"
"383","5257347024","10.0349625","105.7827765","5257347025:0.0058295441331065855 5257347027:0.026729838975164854"
"384","5257347025","10.0350078","105.7828033","5257347026:0.026729836181381608 5257347024:0.0058295441331065855"
"385","5257347026","10.0351287","105.7825923","5257034307:0.0030972846407386883 5257034314:0.008107666721193613 5257347027:0.005829543581553612 5257347025:0.026729836181381608"
"386","5257347027","10.0350834","105.7825655","5257347026:0.005829543581553612 5257347024:0.026729838975164854"
"387","5257347032","10.0353957","105.7830791","1340702980:0.07080168847002659 8834308844:0.07702323401449836"
"388","5257352433","10.0344742","105.7829136","5257352434:0.010108418661843435 5257352436:0.015722563715363916"
"389","5257352434","10.0344346","105.7829967","5257352435:0.015727332983708143 5257352433:0.010108418661843435"
"390","5257352435","10.0345619","105.7830593","5257352436:0.010118272510393551 5257352434:0.015727332983708143"
"391","5257352436","10.0346015","105.7829761","5257352435:0.010118272510393551 5257352433:0.015722563715363916"
"392","5257352445","10.0347572","105.7825275","5257352448:0.015365001374892313 5257352446:0.007261377091905297"
"393","5257352446","10.0346964","105.7825033","5257352445:0.007261377091905297 5257352447:0.015358860061437213"
"394","5257352447","10.0347468","105.7823727","5257352446:0.015358860061437213 5257352448:0.007247031272283689"
"395","5257352448","10.0348075","105.7823968","5257352445:0.015365001374892313 5257352447:0.007247031272283689"
"396","5257352457","10.0344735","105.7828858","5257352460:0.006190450418238361 5257352458:0.011847553317044512"
"397","5257352458","10.0343810","105.7828321","5257352457:0.011847553317044512 5257352459:0.00619597187934775"
"398","5257352459","10.0344087","105.7827830","5257352458:0.00619597187934775 5257352460:0.011837900893723148"
"399","5257352460","10.0345011","105.7828367","5257352457:0.006190450418238361 5257352459:0.011837900893723148"
"400","5257352461","10.0345057","105.7827305","5257352464:0.011106141248079147 5257352462:0.010035680508455191"
"401","5257352462","10.0344212","105.7826983","5257352461:0.010035680508455191 5257352463:0.011106143790405736"
"402","5257352463","10.0344562","105.7826033","5257352462:0.011106143790405736 5257352464:0.010035680374754035"
"403","5257352464","10.0345407","105.7826355","5257352461:0.011106141248079147 5257352463:0.010035680374754035"
"404","5257352505","10.0348766","105.7830191","5257352508:0.014602250139158404 5257352506:0.006978565084198575"
"405","5257352506","10.0348185","105.7829950","5257352505:0.006978565084198575 5257352507:0.014608174282692716"
"406","5257352507","10.0348682","105.7828715","5257352506:0.014608174282692716 5257352508:0.006993001632537648"
"407","5257352508","10.0349264","105.7828957","5257352505:0.014602250139158404 5257352507:0.006993001632537648"
"408","5261415329","10.032494","105.780137","1497131053:0.011765584809892295 5253656272:0.005853811987684956"
"409","5340053259","10.0318257","105.7824269","2322892083:0.15902802675073957"
"410","5340055142","10.0378395","105.7764330","9311889579:0.5842105039984148"
"411","5563681222","10.0327923","105.7817343"," "
"412","5655327622","10.033097","105.779239","1497131058:0.035513248670595784 7084034886:0.02470757236552717"
"413","5850144886","10.0353040","105.7787765","1797780982:0.03417783607742536 5211499616:0.07654196031754117"
"414","6205627885","10.033784","105.779201","1775850846:0.012075905901248836 1775850850:0.001999732391457556"
"415","6278262090","10.033906","105.782695","6427207153:0.03250967215495522 6447921287:0.0030888876463220595"
"416","6417514750","10.0350470","105.7801771","1038747565:0.03578933365511023 1038748252:0.03412397033249195"
"417","6417514751","10.0350130","105.7801796","4564778693:0.014533561628199467 1579242574:0.03643487762245909 1579242580:0.040283168313020694"
"418","6417516055","10.0366019","105.7815097","1579242570:0.03636102190044008 1579242578:0.013121415104272055"
"419","6417516056","10.0370083","105.7812600","1579242579:0.016176302345278205 1340702995:0.006935706689279496"
"420","6417576561","10.0327193","105.7823583","6417576562:0.020302304462003554 6417576564:0.018653982426369647"
"421","6417576562","10.0328419","105.7824957","6417576561:0.020302304462003554 6417576563:0.02126270622982531"
"422","6417576563","10.0327056","105.7826319","6417576562:0.02126270622982531 6417576564:0.022212414561190857"
"423","6417576564","10.0325898","105.7824666","6417576563:0.022212414561190857 6417576561:0.018653982426369647"
"424","6417920150","10.0333812","105.7817224","6417920151:0.02146110901126133 6417920153:0.03356527717226578"
"425","6417920151","10.0333139","105.7819061","6417920150:0.02146110901126133 6417920152:0.033244327865995814"
"426","6417920152","10.0330352","105.7817962","6417920151:0.033244327865995814 6417920153:0.022298244337199638"
"427","6417920153","10.0331026","105.7816044","6417920152:0.022298244337199638 6417920150:0.03356527717226578"
"428","6417950151","10.0330488","105.7813672","6417950152:0.006177943248384006 6417950154:0.014344307471548247"
"429","6417950152","10.0330923","105.7813321","6417950151:0.006177943248384006 6417950153:0.014516628288794898"
"430","6417950153","10.0331609","105.7814449","6417950152:0.014516628288794898 6417950154:0.006506684289999602"
"431","6417950154","10.0331139","105.7814803","6417950153:0.006506684289999602 6417950151:0.014344307471548247"
"432","6417968433","10.0337515","105.7807567","6417968434:0.015789969417813673 6417968436:0.009750642129249674"
"433","6417968434","10.0338456","105.7808647","6417968433:0.015789969417813673 6417968435:0.010031008400360497"
"434","6417968435","10.0337776","105.7809249","6417968434:0.010031008400360497 6417968436:0.01580743120655505"
"435","6417968436","10.0336853","105.7808151","6417968435:0.01580743120655505 6417968433:0.009750642129249674"
"436","6427204310","10.0334542","105.7832856","6427208073:0.06357313640252443 1038748302:0.05665745417349656"
"437","6427207153","10.0340672","105.7824473","4786265721:0.001694984496387238 6278262090:0.03250967215495522 6427207154:0.015256379942472248"
"438","6427207154","10.0339475","105.7823792","6427207153:0.015256379942472248 6427207155:0.021288407386923912"
"439","6427207155","10.0337576","105.7823545","6427207154:0.021288407386923912 6427207156:0.02461561272381815"
"440","6427207156","10.0335380","105.7823261","6427207155:0.02461561272381815 6427207157:0.014716693971095015"
"441","6427207157","10.0334067","105.7823092","6427207156:0.014716693971095015 6427207158:0.010541501604821745 6539033105:0.01684716357379698"
"442","6427207158","10.0333947","105.7824047","6427207157:0.010541501604821745 6427207159:0.0074071521735205635"
"443","6427207159","10.0334447","105.7824494","6427207158:0.0074071521735205635 6427207160:0.004506083608722622"
"444","6427207160","10.0334507","105.7824901","6427207159:0.004506083608722622 6427207161:0.008058952391086909"
"445","6427207161","10.0334167","105.7825551","6427207160:0.008058952391086909 6427207162:0.002048883873949959"
"446","6427207162","10.0334287","105.7825693","6427207161:0.002048883873949959 6427207163:0.005424396393310795"
"447","6427207163","10.0334127","105.7826161","6427207162:0.005424396393310795 6427208073:0.05045186893968485"
"448","6427208073","10.0338128","105.7828334","1038597107:0.004304300774690556 6427204310:0.06357313640252443 6427207163:0.05045186893968485"
"449","6447921287","10.0338914","105.7827190","6278262090:0.0030888876463220595 1924760081:0.0076526362470822305 6447921288:0.016300474640339974"
"450","6447921288","10.0340267","105.7827763","6447921287:0.016300474640339974 6447921289:0.007612765082608548"
"451","6447921289","10.0340946","105.7827852","6447921288:0.007612765082608548 6447921290:0.00584547485194031"
"452","6447921290","10.0341469","105.7827798","6447921289:0.00584547485194031 6447921291:0.016802927418287324"
"453","6447921291","10.0342968","105.7827604","6447921290:0.016802927418287324 6447921292:0.005210795083853562"
"454","6447921292","10.0343403","105.7827427","6447921291:0.005210795083853562 6447921293:0.009114426593872219"
"455","6447921293","10.0343804","105.7826701","6447921292:0.009114426593872219"
"456","6447925217","10.033911","105.782887","5257034552:0.010430977704662106 7234432185:0.0030484709822673705"
"457","6447936056","10.033985","105.782963","6447939182:0.01730107617291446 5257034552:0.001348386969164045"
"458","6447939182","10.034124","105.783034","5257034553:0.003549433552338158 6447936056:0.01730107617291446"
"459","6467959091","10.032522","105.783024"," "
"460","6487041486","10.032441","105.782944"," "
"461","6538985883","10.0329382","105.7822974","6539033107:0.01753795820377118 6538985884:0.023670738729924635"
"462","6538985884","10.0330278","105.7824935","6538985883:0.023670738729924635 6539045985:0.015395735825520238"
"463","6539033105","10.0332624","105.7822623","6427207157:0.01684716357379698 6539033106:0.024487837637883435"
"464","6539033106","10.0330623","105.7821689","6539033105:0.024487837637883435 6539033107:0.01197733766492974"
"465","6539033107","10.0329588","105.7821386","6539033106:0.01197733766492974 6539033108:0.008130484756795325 6538985883:0.01753795820377118"
"466","6539033108","10.0329083","105.7820849","6539033107:0.008130484756795325 6539033109:0.022330064233078765"
"467","6539033109","10.0327243","105.7820032","6539033108:0.022330064233078765 6539033110:0.03187105903465324"
"468","6539033110","10.0324892","105.7818367","5253656280:0.010347856046548245 11292978053:0.045552064686309145 6539033109:0.03187105903465324"
"469","6539045985","10.0331083","105.7826079","6538985884:0.015395735825520238 6539045986:0.002986532273453902"
"470","6539045986","10.0331221","105.7826313","6539045985:0.002986532273453902"
"471","6541685827","10.0340962","105.7821475","4555821860:0.015447978447801896 6541685828:0.010607866733177164"
"472","6541685828","10.0340038","105.7821234","6541685827:0.010607866733177164 6541685829:0.012048293266145788"
"473","6541685829","10.0338981","105.7820992","6541685828:0.012048293266145788 6541685830:0.00881159893952108"
"474","6541685830","10.0338189","105.7821019","6541685829:0.00881159893952108 6541685831:0.012973858179699283"
"475","6541685831","10.0337027","105.7820912","6541685830:0.012973858179699283 6541740501:0.010009340953235973"
"476","6541685832","10.0335653","105.7820510","6541740501:0.005890268250933344 6541685833:0.028530558789587733"
"477","6541685833","10.0333303","105.7819464","6541685832:0.028530558789587733 6541685834:0.013036454467631964"
"478","6541685834","10.0332220","105.7819008","6541685833:0.013036454467631964"
"479","6541740501","10.0336162","105.7820659","6541685831:0.010009340953235973 6541685832:0.005890268250933344 6541740502:0.03889751251144306"
"480","6541740502","10.0336984","105.7817206","6541740501:0.03889751251144306"
"481","6541754855","10.0344974","105.7807314","4555820371:0.0030926810163255003 6543961456:0.0028732513985673517 6541754856:0.04269164281110624"
"482","6541754856","10.0347843","105.7804723","2598517948:0.02207448372745105 6543961464:0.005414957995348227 6541754855:0.04269164281110624"
"483","6541763649","10.0353424","105.7822997","1038747978:0.012632169867478811 1038747830:0.051402864952389"
"484","6541775527","10.0378733","105.7826471","1340703006:0.11587620216136847 1038747303:0.03166290153291109"
"485","6541906856","10.0332680","105.7778420","1775850802:0.020045297683970297 1775850815:0.013765598069106988"
"486","6541925687","10.0328872","105.7788696","8834154699:0.025620897718354657 1497131059:0.03522554378121933"
"487","6543876651","10.034204","105.781558","6543876652:0.004938512865083841 6543876653:0.013723298150108943"
"488","6543876652","10.034207","105.781603","4555820365:0.02048033934566872 6543876651:0.004938512865083841"
"489","6543876653","10.034195","105.781433","6543876651:0.013723298150108943 4555820366:0.01614568661330882"
"490","6543929800","10.034274","105.782132","4555820364:0.0035307804993078727 1038747908:0.004470833876043177"
"491","6543929801","10.034272","105.782025","4555820364:0.008842401871537897 4555820365:0.026422823511340003"
"492","6543929802","10.034478","105.781915","4597388989:0.03636086966098472 4555820364:0.029447395803198422"
"493","6543952277","10.034193","105.781091","5253656278:0.0067968242163809044 4555820372:0.009368932669986344"
"494","6543952278","10.034032","105.780809","8952884878:0.015089428186188095 4555820368:0.002029017713030678"
"495","6543952279","10.033967","105.780733","4555820368:0.008995056671785292 5253656279:0.01079406912027788"
"496","6543958550","10.033162","105.781206","2322892083:0.04085051803427729 2598517930:0.003764207668577681"
"497","6543958551","10.033264","105.781112","2598517930:0.01155192368008376 6543958552:0.02109395438420278"
"498","6543958552","10.033404","105.780982","6543958551:0.02109395438420278 2598517933:0.0030733861593502105"
"499","6543961455","10.0341102","105.7803794"," "
"500","6543961456","10.03448","105.780712","6541754855:0.0028732513985673517 2598517946:0.011098764611817245"
"501","6543961457","10.034589","105.780826","4510185390:0.021221678051800995 4555820371:0.011438223577830866"
"502","6543961462","10.03517","105.780884","6543961463:0.017947570855351078 1038747664:0.029010804814879373"
"503","6543961463","10.035059","105.780765","6543961464:0.03885854323759049 6543961462:0.017947570855351078"
"504","6543961464","10.034818","105.780508","6541754856:0.005414957995348227 6543961463:0.03885854323759049"
"505","6813546218","10.032817","105.78153","11292978053:0.004009610303976347 2322892083:0.011401143427134448"
"506","6932072785","10.033686","105.780022","1241518861:0.006894954909793391 6932072885:0.006341892834636918"
"507","6932072885","10.033629","105.780024","6932072785:0.006341892834636918 419940518:0.03272709720810714"
"508","6932082485","10.033684","105.780699","419940418:0.00787847687748003 1340702989:0.019258491800117097"
"509","7084034886","10.033263","105.779089","5655327622:0.02470757236552717 1497131061:0.027829779836308716"
"510","7104059086","10.034184","105.779733","1778054538:0.01693239605061892 1777705044:0.0059551101011944855"
"511","7192331691","10.032601","105.779845","7192614286:0.015053791678422695 7192614287:0.0012317055835845828"
"512","7192614286","10.0326849","105.7799529","5253656272:0.023419701005617008 7192331691:0.015053791678422695"
"513","7192614287","10.0325941","105.7798362","7192331691:0.0012317055835845828"
"514","7234432185","10.033893","105.782866","6447925217:0.0030484709822673705 1038597107:0.0093017730869972"
"515","8834154699","10.0327152","105.7790253","1497131055:0.0221054149531851 6541925687:0.025620897718354657"
"516","8834308842","10.0347349","105.7828487","8834308844:0.01508529480497394 8834308843:0.011695502466351764"
"517","8834308843","10.0346781","105.7829386","8834308842:0.011695502466351764"
"518","8834308844","10.0347966","105.7827260","5257347032:0.07702323401449836 1340702935:0.006707473467903445 8834308842:0.01508529480497394"
"519","8952884877","10.0335912","105.7814030","8952884878:0.08047801574886071"
"520","8952884878","10.0341263","105.7809081","4555820367:0.00957348891641848 6543952278:0.015089428186188095 8952884877:0.08047801574886071"
"521","8952910525","10.0352455","105.7837281","1038596465:0.05862531592509836 5257034554:0.006634049342253712"
"522","9311889578","10.0338025","105.7806352","2322892083:0.13559662523159297 9311889579:0.07168217700177622"
"523","9311889579","10.0339257","105.7799926","9311889578:0.07168217700177622 5340055142:0.5842105039984148"
"524","9884924327","10.0340344","105.7797121","4515012324:0.00855939984635496 9884924328:0.0224169319281872"
"525","9884924328","10.0338845","105.7798490","9884924327:0.0224169319281872 4515012327:0.008559402035075455"
"526","9884924329","10.0338383","105.7794690","9884924330:0.00573215787165095 1775719439:0.044726040326552606"
"527","9884924330","10.0338794","105.7794374","1775719445:0.03703883969849292 9884924329:0.00573215787165095"
"528","9913848735","10.0332521","105.7771934","1775850864:0.024823566125041316 1775850870:0.010855551071294342"
"529","10198880060","10.0366861","105.7801345","1579242557:5.505811597624524E-4"
"530","11183095936","10.0382702","105.7826433","1038747303:0.014064200024266912 1497107034:0.04086132971201369"
"531","11292978038","10.0327463","105.7814988","1340702947:0.12357924072192963 1340703018:0.14381609703416426 11292978053:0.00781182201508139 11292978039:0.016572862792063086"
"532","11292978039","10.0327279","105.7813486","11292978038:0.016572862792063086 11292978040:0.0199520943965265 11292978052:0.013021828216965957"
"533","11292978040","10.0326076","105.7812134","11292978039:0.0199520943965265 11292978041:0.011612367917296194 11292978064:0.021883866151087603 11328803546:0.004807526610262372"
"534","11292978041","10.0325469","105.7811271","11292978040:0.011612367917296194 11292978042:0.027401025247998687"
"535","11292978042","10.0325894","105.7808806","11292978041:0.027401025247998687 11292978043:0.04850007032674883"
"536","11292978043","10.0329372","105.7806133","11292978042:0.04850007032674883 11292978044:0.035120425428392395"
"537","11292978044","10.0331687","105.7803951","11292978043:0.035120425428392395 11328803545:0.021575810590936436"
"538","11292978045","10.0333811","105.7802204","11328803545:0.008816732392437724 11292978046:0.013869435024518092"
"539","11292978046","10.0335057","105.7802146","11292978045:0.013869435024518092 11292978047:0.0130731275169489 11292978059:0.009245769428072358"
"540","11292978047","10.0336070","105.7802752","11292978046:0.0130731275169489 11292978048:0.013457264850262576"
"541","11292978048","10.0336751","105.7803768","11292978047:0.013457264850262576 11292978049:0.013830267511866393"
"542","11292978049","10.0336803","105.7805030","11292978048:0.013830267511866393 11292978050:0.015942419409337483 11292978054:0.008361459287126047"
"543","11292978050","10.0336291","105.7806390","11292978049:0.015942419409337483 11328803542:0.06676663110119375"
"544","11292978051","10.0330946","105.7811309","11328803542:0.013441180175740293 11292978052:0.036685561430281864"
"545","11292978052","10.0328450","105.7813500","11292978051:0.036685561430281864 11292978039:0.013021828216965957"
"546","11292978053","10.0327902","105.7815545","6539033110:0.045552064686309145 6813546218:0.004009610303976347 11292978038:0.00781182201508139"
"547","11292978054","10.0336123","105.7805356","11292978049:0.008361459287126047 11292978055:0.012290208383717305"
"548","11292978055","10.0335042","105.7805590","11292978054:0.012290208383717305 11292978056:0.006669093984466453"
"549","11292978056","10.0334536","105.7805263","11292978055:0.006669093984466453 11292978060:0.006008207105557283"
"550","11292978057","10.0334007","105.7804656","11292978060:0.002867254323152148 11292978058:0.011553236596056357"
"551","11292978058","10.0333915","105.7803605","11292978057:0.011553236596056357 11292978059:0.011277058311853104"
"552","11292978059","10.0334467","105.7802741","11292978058:0.011277058311853104 11292978046:0.009245769428072358"
"553","11292978060","10.0334178","105.7804852","11292978056:0.006008207105557283 11292978057:0.002867254323152148 11328803539:0.02768915847641939"
"554","11292978061","10.0328704","105.7809542","11328803539:0.05194780210135816 11293000179:0.0031951565814428208 11292978062:0.003019313315648954"
"555","11292978062","10.0328869","105.7809761","11292978061:0.003019313315648954 11292978063:0.0030206875858645424"
"556","11292978063","10.0328957","105.7810022","11292978062:0.0030206875858645424 11292978067:0.003022130628951401"
"557","11292978064","10.0327493","105.7810747","11293000173:0.0030259557501031457 11292978065:0.003197784622390147 11292978040:0.021883866151087603"
"558","11292978065","10.0327338","105.7810501","11292978064:0.003197784622390147 11292978066:0.003200712149084479"
"559","11292978066","10.0327274","105.7810216","11292978065:0.003200712149084479 11293000174:0.0031952170900387995"
"560","11292978067","10.0328959","105.7810298","11292978063:0.003022130628951401 11292978068:0.0030273969443649503"
"561","11292978068","10.0328875","105.7810561","11292978067:0.0030273969443649503 11293000169:0.0030188801557915162"
"562","11293000169","10.0328714","105.7810783","11292978068:0.0030188801557915162 11293000170:0.0030206919499594334"
"563","11293000170","10.0328492","105.7810942","11293000169:0.0030206919499594334 11293000171:0.0030176997237368356"
"564","11293000171","10.0328232","105.7811021","11293000170:0.0030176997237368356 11293000172:0.003014655396454398"
"565","11293000172","10.0327961","105.7811013","11293000171:0.003014655396454398 11293000173:0.0030164958000927183"
"566","11293000173","10.0327706","105.7810919","11293000172:0.0030164958000927183 11292978064:0.0030259557501031457"
"567","11293000174","10.0327306","105.7809926","11293000175:0.003207328200402799 11292978066:0.0031952170900387995"
"568","11293000175","10.0327433","105.7809663","11293000174:0.003207328200402799 11293000176:0.0031914682448190134"
"569","11293000176","10.0327638","105.7809459","11293000175:0.0031914682448190134 11293000177:0.003199455819036007"
"570","11293000177","10.0327899","105.7809336","11293000176:0.003199455819036007 11293000178:0.0032049586800170712"
"571","11293000178","10.0328186","105.7809309","11293000177:0.0032049586800170712 11293000179:0.0031982607995768623"
"572","11293000179","10.0328465","105.7809380","11293000178:0.0031982607995768623 11292978061:0.0031951565814428208"
"573","11293000180","10.0316460","105.7820836","11328830095:0.030409589984211116"
"574","11302026889","10.0351746","105.7823316","11302026890:0.016090898446619782 11302026892:0.007365917920235482"
"575","11302026890","10.0351467","105.7824758","11302026889:0.016090898446619782 11302026891:0.008274781226757384"
"576","11302026891","10.0350753","105.7824545","11302026890:0.008274781226757384 11302026892:0.015106236036491985"
"577","11302026892","10.0351092","105.7823209","11302026891:0.015106236036491985 11302026889:0.007365917920235482"
"578","11302026893","10.0351784","105.7795770","11302026894:0.009465841126943538 11302026896:0.014951497529739718"
"579","11302026894","10.0352368","105.7796399","11302026893:0.009465841126943538 11302026895:0.014692472947155472"
"580","11302026895","10.0351549","105.7797452","11302026894:0.014692472947155472 11302026896:0.010486674400495605"
"581","11302026896","10.0350878","105.7796779","11302026895:0.010486674400495605 11302026893:0.014951497529739718"
"582","11328803531","10.0335608","105.7805587","11328803532:0.008079315768336325 11328803534:0.01379554815613623"
"583","11328803532","10.0336067","105.7806159","11328803531:0.008079315768336325 11328803533:0.013338855706106769"
"584","11328803533","10.0335188","105.7806988","11328803532:0.013338855706106769 11328803535:0.0012259658334075163"
"585","11328803534","10.0334705","105.7806451","11328803538:0.0016317156879142617 11328803531:0.01379554815613623"
"586","11328803535","10.0335114","105.7806905","11328803533:0.0012259658334075163 11328803538:0.005105821536272767 11328803536:0.0107240968192494 11328803538:0.005105821536272767"
"587","11328803536","10.0334418","105.7807583","11328803535:0.0107240968192494 11328803537:0.004586452344286997"
"588","11328803537","10.0334159","105.7807257","11328803536:0.004586452344286997 11328803538:0.01046495617150767"
"589","11328803538","10.0334804","105.7806561","11328803535:0.005105821536272767 11328803534:0.0016317156879142617 11328803537:0.01046495617150767 11328803535:0.005105821536272767"
"590","11328803539","10.0332275","105.7806483","11292978060:0.02768915847641939 11292978061:0.05194780210135816 11328803543:0.015440766405185644 11328803540:0.015863340661389096"
"591","11328803540","10.0332378","105.7807928","11328803539:0.015863340661389096 11328803541:0.01674689094981619"
"592","11328803541","10.0331893","105.7809376","11328803540:0.01674689094981619 11328803542:0.012156166447970275"
"593","11328803542","10.0331842","105.7810485","11292978050:0.06676663110119375 11292978051:0.013441180175740293 11328803541:0.012156166447970275"
"594","11328803543","10.0332394","105.7805078","11328803544:0.015036878458548137 11328803539:0.015440766405185644"
"595","11328803544","10.0332925","105.7803815","11328803545:0.012455427595687678 11328803543:0.015036878458548137"
"596","11328803545","10.0333195","105.7802711","11292978044:0.021575810590936436 11292978045:0.008816732392437724 11328803544:0.012455427595687678"
"597","11328803546","10.0325754","105.7812427","11292978040:0.004807526610262372 11328830094:0.015828461925413 11328803547:0.012656962389847686 11328830070:0.011279613643953242"
"598","11328803547","10.0326367","105.7813401","11328803546:0.012656962389847686 11328803548:0.008913016369330454"
"599","11328803548","10.0326407","105.7814214","11328803547:0.008913016369330454 11328803549:0.011239177121796002"
"600","11328803549","10.0325947","105.7815128","11328803548:0.011239177121796002 11328803550:0.00856743492062047"
"601","11328803550","10.0325266","105.7815494","11328803549:0.00856743492062047 11328803551:0.007823328260327705"
"602","11328803551","10.0324565","105.7815555","11328803550:0.007823328260327705 11328803552:0.008862339462783315"
"603","11328803552","10.0323865","105.7815942","11328803551:0.008862339462783315 11328803553:0.008165662895256701"
"604","11328803553","10.0323505","105.7816592","11328803552:0.008165662895256701 11328803554:0.008072922394829185"
"605","11328803554","10.0322944","105.7817060","11328803553:0.008072922394829185 11328803555:0.007342131720740694"
"606","11328803555","10.0322284","105.7817080","11328803554:0.007342131720740694 11328803556:0.00535670059857603"
"607","11328803556","10.0321823","105.7816938","11328803555:0.00535670059857603 11328830079:0.004999021840305069"
"608","11328803557","10.0320822","105.7815657","11328830072:0.0070585093258132905 11328803558:0.006858198553133168"
"609","11328803558","10.0320682","105.7815047","11328803557:0.006858198553133168 11328803559:0.005414073889320412"
"610","11328803559","10.0320842","105.7814580","11328803558:0.005414073889320412 11328803560:0.0057116969692806675"
"611","11328803560","10.0321243","105.7814254","11328803559:0.0057116969692806675 11328803561:0.005797175230886347"
"612","11328803561","10.0321683","105.7813970","11328803560:0.005797175230886347 11328803562:0.0026686782394473884"
"613","11328803562","10.0321923","105.7813970","11328803561:0.0026686782394473884 11328803563:0.005052742486233823"
"614","11328803563","10.0322264","105.7813665","11328803562:0.005052742486233823 11328803564:0.006059346427372945"
"615","11328803564","10.0322424","105.7813136","11328803563:0.006059346427372945 11328803565:0.006510300760776702"
"616","11328803565","10.0322504","105.7812547","11328803564:0.006510300760776702 11328803566:0.006076501534679476"
"617","11328803566","10.0322724","105.7812039","11328803565:0.006076501534679476 11328803567:0.005533263350231874"
"618","11328803567","10.0323044","105.7811652","11328803566:0.005533263350231874 11328803568:0.006548614533165618"
"619","11328803568","10.0323605","105.7811470","11328803567:0.006548614533165618 11328830069:0.007795957464263707"
"620","11328830069","10.0324305","105.7811510","11328803568:0.007795957464263707 11328830070:0.008029861495843013"
"621","11328830070","10.0324986","105.7811754","11328830069:0.008029861495843013 11328803546:0.011279613643953242"
"622","11328830071","10.0321401","105.7816397","11328830094:0.049228848213831576 11328830095:0.042948210627276766 11328830079:0.002558008936522282 11328830072:0.003299654574161164"
"623","11328830072","10.0321231","105.7816150","11328830071:0.003299654574161164 11328803557:0.0070585093258132905 11328830073:0.01991536103000943 11328830093:0.013586599681248321"
"624","11328830073","10.0319908","105.7817376","11328830072:0.01991536103000943 11328830074:0.0018848788750999007"
"625","11328830074","10.0319776","105.7817268","11328830073:0.0018848788750999007 11328830075:0.02311986270673987"
"626","11328830075","10.0318204","105.7818650","11328830074:0.02311986270673987 11328830095:0.004772528657253306"
"627","11328830076","10.0318812","105.7819293","11328830095:0.004994366563087559 11328830077:0.02216246014828612"
"628","11328830077","10.0320317","105.7817966","11328830076:0.02216246014828612 11328830078:0.0019696078516463268"
"629","11328830078","10.0320238","105.7817805","11328830077:0.0019696078516463268 11328830079:0.019768705933399643"
"630","11328830079","10.0321544","105.7816580","11328803556:0.004999021840305069 11328830071:0.002558008936522282 11328830078:0.019768705933399643 11328830080:0.013113873168355604"
"631","11328830080","10.0322398","105.7815754","11328830079:0.013113873168355604 11328830081:0.0036821804210169346"
"632","11328830081","10.0322729","105.7815744","11328830080:0.0036821804210169346 11328830082:0.004321655194480202"
"633","11328830082","10.0323049","105.7815520","11328830081:0.004321655194480202 11328830083:0.004995677886699183"
"634","11328830083","10.0323139","105.7815073","11328830082:0.004995677886699183 11328830084:0.020248895382261115"
"635","11328830084","10.0324490","105.7813833","11328830083:0.020248895382261115 11328830085:0.007186656541211588"
"636","11328830085","10.0324911","105.7814331","11328830084:0.007186656541211588 11328830086:0.00503234736379241"
"637","11328830086","10.0325231","105.7814006","11328830085:0.00503234736379241 11328830094:0.008976269748802765"
"638","11328830087","10.0324050","105.7812654","11328830094:0.01081265622728768 11328830088:0.0048776382086807"
"639","11328830088","10.0323750","105.7812979","11328830087:0.0048776382086807 11328830089:0.0062385566097879425"
"640","11328830089","10.0324110","105.7813416","11328830088:0.0062385566097879425 11328830090:0.020002664159714533"
"641","11328830090","10.0322789","105.7814656","11328830089:0.020002664159714533 11328830091:0.0039176741692666375"
"642","11328830091","10.0322438","105.7814687","11328830090:0.0039176741692666375 11328830092:0.004018882129227206"
"643","11328830092","10.0322168","105.7814931","11328830091:0.004018882129227206 11328830093:0.003943904095385086"
"644","11328830093","10.0322108","105.7815286","11328830092:0.003943904095385086 11328830072:0.013586599681248321"
"645","11328830094","10.0324695","105.7813393","11328803546:0.015828461925413 11328830071:0.049228848213831576 11328830086:0.008976269748802765 11328830087:0.01081265622728768"
"646","11328830095","10.0318490","105.7818975","11328830071:0.042948210627276766 11293000180:0.030409589984211116 11328830075:0.004772528657253306 11328830076:0.004994366563087559"
"647","11348245632","10.0343540","105.7798024","11348245633:0.014012105602216428 11348245635:0.006773073588030346"
"648","11348245633","10.0344425","105.7798935","11348245632:0.014012105602216428 11348245634:0.007186229431275734"
"649","11348245634","10.0343965","105.7799396","11348245633:0.007186229431275734 11348245635:0.014658146947179979"
"650","11348245635","10.0343068","105.7798415","11348245634:0.014658146947179979 11348245632:0.006773073588030346"
"651","11348245636","10.0344028","105.7797493","11348245637:0.015394281389936093 11348245639:0.007336525857307443"
"652","11348245637","10.0344942","105.7798549","11348245636:0.015394281389936093 11348245638:0.00682126391239869"
"653","11348245638","10.0344500","105.7798981","11348245637:0.00682126391239869 11348245639:0.014789183208307294"
"654","11348245639","10.0343591","105.7797995","11348245638:0.014789183208307294 11348245636:0.007336525857307443"
