"0","345574841","10.0318915","105.7823972","5253652533:0.1208480027075715"
"1","345574893","10.0367182","105.7874481","5177687517:0.05931849379288832 1039976852:0.013869995882985355 5251612803:0.017488740969424377 8839176278:0.028112435065185022"
"2","345574914","10.0322830","105.7874649","951963148:0.10774966998011531"
"3","345574916","10.0339443","105.7877784","951963148:0.08017000832358952 951963101:0.011597969488901596 1778800787:0.0331842823737607 6543870311:0.022521123062284428"
"4","345574919","10.0350154","105.7880644","5251604554:0.03617655147252007 5251604550:0.06901042659562202 6543858866:0.014388059129778726 540801444:0.036052457069932674"
"5","345574925","10.0357013","105.7883430","948325269:0.120745443380267 4374993693:0.03487718712232062 1778886495:0.016736089581775842 6543858870:0.019872039246768874"
"6","419940504","10.0321444","105.7880599","419940515:0.11782186538345545"
"7","419940515","10.0331957","105.7881943","8671831125:0.04116013526142611 419940504:0.11782186538345545"
"8","540801395","10.0316713","105.7867248","951963315:0.0073320374578441875 951963111:0.012853855602778583"
"9","540801444","10.0353320","105.7881354","1043717496:0.03278902840151634 345574919:0.036052457069932674 6543858869:0.00325203565785791"
"10","540801454","10.0358678","105.7872382","7149121520:0.010048117832180818 1777869114:0.022656845624198795 951963220:0.07007720413848063 5450264175:0.02871858858207851"
"11","540801493","10.0377747","105.7876818","5177687517:0.06223658689138385 1777869105:0.01259056036716218"
"12","540801747","10.0324186","105.7868364","951963230:0.09988830361747333 951963274:0.015990932603343767"
"13","540801824","10.0348935","105.7857126","1778886592:0.01639034616404963 1043956935:0.009978891740622718 2598517955:0.018999287521579762 1038748115:0.01425981406666773"
"14","540801870","10.0342992","105.7870121","540817538:0.06114758011977328 951963338:0.05418929867299883 951963114:0.023435568105941416 951963062:0.03959292862722276"
"15","540801990","10.0349457","105.7890555","948325249:0.014745526445043598 948325326:0.06786609218110622 948325328:0.026096008155758396"
"16","540817538","10.0348394","105.7871166","540817541:0.09612115655673703 951963220:0.04507216751874861 540801870:0.06114758011977328"
"17","540817541","10.0345536","105.7879451","540817538:0.09612115655673703 946524799:0.015756620890313256 6543870313:0.006185124800824472 5251604551:0.02482883312303225"
"18","540817545","10.0342969","105.7886821","1924771927:0.020687351013592276 2598517892:0.004030069121629378 1043858740:0.07939325442247466"
"19","540817724","10.0310726","105.7866615","951963111:0.05408187120171927 951963305:0.015298333217677219"
"20","540817729","10.0304010","105.7865594","1041864064:0.5246426079400235 1043717342:0.5674159404763273"
"21","946524799","10.034507","105.788081","540817541:0.015756620890313256 5611338922:0.005726382972365841"
"22","948325197","10.036513","105.787628","8839176278:0.0020316167961939116 8671094383:0.03357835925453321"
"23","948325211","10.035302","105.78872","5744397026:0.031158034370589022 948325249:0.03928333561061822"
"24","948325238","10.0357226","105.7894737","948325326:0.029906713746632257"
"25","948325249","10.035043","105.788964","948325211:0.03928333561061822 540801990:0.014745526445043598"
"26","948325269","10.0364837","105.7891077","345574925:0.120745443380267"
"27","948325274","10.0365997","105.7863921","1038747209:0.09037820018602016 5261381553:0.009710769627769796 5251612802:0.021840038821987564"
"28","948325326","10.0354849","105.7893459","948325238:0.029906713746632257 540801990:0.06786609218110622"
"29","948325328","10.0347373","105.7889459","6543883130:0.020682339457395692 540801990:0.026096008155758396 2598517869:0.040307564325650386"
"30","949399882","10.0299794","105.7864787","1043717621:0.6329038656092393"
"31","951963062","10.034147","105.787339","540801870:0.03959292862722276 5251604549:0.00191703534266841"
"32","951963101","10.034045","105.787806","345574916:0.011597969488901596 6543870312:0.018997263712198044"
"33","951963111","10.0315566","105.7867102","540801395:0.012853855602778583 540817724:0.05408187120171927"
"34","951963114","10.034379","105.786814","5261415326:0.02938530091529011 540801870:0.023435568105941416"
"35","951963148","10.0332329","105.7876594","345574914:0.10774966998011531 345574916:0.08017000832358952"
"36","951963220","10.0352407","105.7871746","5251604550:0.03158650151477854 1038747963:0.08021850770287044 540801454:0.07007720413848063 540817538:0.04507216751874861"
"37","951963225","10.033761","105.788149","6543870311:0.02288873687177303 3649880922:0.013703718912924259"
"38","951963230","10.0333142","105.7869073","951963338:0.05593938201262948 540801747:0.09988830361747333"
"39","951963274","10.0322762","105.7868160","540801747:0.015990932603343767 951963315:0.06072026292009207"
"40","951963305","10.0309351","105.7866567","540817724:0.015298333217677219 1041864040:0.45519395447295635"
"41","951963315","10.0317350","105.7867421","951963274:0.06072026292009207 540801395:0.0073320374578441875"
"42","951963317","10.034117","105.787405","5251604549:0.006042608584187027 1778800787:0.011986104294809055"
"43","951963338","10.0338142","105.7869637","5442006923:0.10527821125151707 540801870:0.05418929867299883 951963230:0.05593938201262948"
"44","951963412","10.034008","105.78853","6711879790:0.016161419398363863 3707968626:0.005899650043237494"
"45","1038596465","10.0357200","105.7839615","6447977274:0.019449419408256396 5262128958:0.044501915334283854 5257034605:0.005940174314145362 8952910525:0.05862531592509836"
"46","1038596577","10.0352554","105.7877518","1038597130:0.02253096803129785 1038597014:0.009783611627142978"
"47","1038596644","10.0358172","105.7874336","1043717496:0.061102390471134464 7149121520:0.01207441333047394"
"48","1038596688","10.0354677","105.7876900","1038597130:0.009783605658338763 1038597014:0.022530968017841303"
"49","1038596752","10.0364391","105.7824815","5257034557:0.02012259721163289"
"50","1038596891","10.0354875","105.7875339","1038597405:0.009794462244126398 1038597211:0.02253096799466521"
"51","1038596893","10.0379771","105.7851184","5257034604:0.10466506372856943"
"52","1038597014","10.0352668","105.7876632","1038596577:0.009783611627142978 1038596688:0.022530968017841303"
"53","1038597107","10.0338371","105.7828028","5257034552:0.022780585923050274"
"54","1038597130","10.0354563","105.7877786","1038596688:0.009783605658338763 1038596577:0.02253096803129785"
"55","1038597145","10.0367395","105.7853551","5457693221:0.01907879986113334 9287375691:0.012632912447330957"
"56","1038597211","10.0352866","105.7875071","1038597306:0.009794468219792109 1038596891:0.02253096799466521"
"57","1038597306","10.0352752","105.7875958","1038597405:0.02253096800812178 1038597211:0.009794468219792109"
"58","1038597312","10.0361187","105.7830620","5257034556:0.01411780750182453 1340702980:0.041454008156682355 6448001290:0.03292512266149598 1038747470:0.04692525945651516"
"59","1038597380","10.0356009","105.7864474","4592626792:0.017604672542073024 1043957492:0.029330950339455552 5253685286:0.03349753270766021"
"60","1038597405","10.0354761","105.7876226","1038596891:0.009794462244126398 1038597306:0.02253096800812178"
"61","1038611353","10.0346463","105.7868150","1038611845:0.01785947729061384 1038611373:0.021455257017219457"
"62","1038611356","10.0341618","105.7838023","1038611771:0.008516102481166353 1038611720:0.03544763467623046"
"63","1038611370","10.0351314","105.7877761","1038611776:0.01297634810647886 5251604552:0.012100646442433294"
"64","1038611373","10.0344724","105.7867301","1038611778:0.0206332441221693 1038611353:0.021455257017219457"
"65","1038611391","10.0369423","105.7886923","1038611788:0.01415751328376241 1038611726:0.02571021964862181"
"66","1038611397","10.0346490","105.7874212","1038611920:0.017699093728942506 1038611466:0.01666206871411673"
"67","1038611403","10.0373410","105.7883338","1038611795:0.013649442450188851 1038611742:0.0072535197317626365"
"68","1038611405","10.0350722","105.7868989","1038611797:0.003972762854743656 1038611743:0.01601221431900305"
"69","1038611413","10.0346740","105.7834662","1038611798:0.00429948249757521 1038611747:0.002546642941073256"
"70","1038611445","10.0344537","105.7875179","1038611808:0.003472012068859042 1038611466:0.01747697799620165"
"71","1038611466","10.0345085","105.7873683","1038611445:0.01747697799620165 1038611397:0.01666206871411673"
"72","1038611471","10.0342130","105.7838670","1038611830:0.00762720076352017 1038611771:0.003173144649238159"
"73","1038611477","10.0347680","105.7836918","1038611908:0.03983218900366198 1038611860:0.042280828140243"
"74","1038611494","10.0351373","105.7878997","1038611843:0.008755438590282428 1038611776:0.003906922482074815"
"75","1038611496","10.0344130","105.7869480","1038611845:0.024072771250724708 1038611778:0.006405061122259877"
"76","1038611501","10.0369895","105.7885529","1038611852:0.014008949733990736 1038611788:0.007745279798540802"
"77","1038611512","10.0351465","105.7867718","1038611864:0.004746302970045075 1038611797:0.015632501955899818"
"78","1038611526","10.0345018","105.7833857","1038611865:0.001576192898287028 1038611798:0.016790995909178347"
"79","1038611530","10.0344737","105.7875541","1038611868:0.008252059560093564 1038611808:0.002053142599891959"
"80","1038611559","10.0353453","105.7879559","1038611886:0.004515833220685131 1038611828:0.00838331613276107"
"81","1038611560","10.0342604","105.7839223","1038611889:0.008064071541834725 1038611830:0.00249817029327115"
"82","1038611580","10.0371876","105.7886460","1038611897:0.009392563032771068 1038611831:0.004602075832207561"
"83","1038611587","10.0342575","105.7838044","1038611908:0.042280834551891466 1038611860:0.03983221842715003"
"84","1038611592","10.0344228","105.7833547","1038611914:0.013382644766188608 1038611865:0.009291010275582219"
"85","1038611601","10.0348242","105.7867714","1038611918:0.011356244391825475 1038611856:0.010678928980604033"
"86","1038611604","10.0345497","105.7875622","1038611920:0.005004195167796529 1038611868:0.0020363922427535943"
"87","1038611633","10.0351684","105.7837234","5253612428:0.03306460694948664 5253611318:0.029691404822047084"
"88","1038611636","10.0374178","105.7885488","1038611951:0.010298163246632547 1038611897:0.02608741925783236"
"89","1038611638","10.0343326","105.7839432","1038611966:0.02996021390640528 1038611889:0.002143731752706906"
"90","1038611653","10.0349562","105.7867133","1038611984:0.02541171595657686 1038611906:0.012117791137814284"
"91","1038611660","10.0343396","105.7834467","1038611988:0.008120475727972896 1038611914:0.0027919213047517084"
"92","1038611666","10.0348867","105.7868877","1038611856:0.011738498091689576 1038611918:0.009141874014745765"
"93","1038611690","10.0373228","105.7885094","1038612025:0.02010457223647041 1038611951:0.0048992037372008555"
"94","1038611693","10.0347869","105.7870044","1038612027:0.0014965090570042922 1038611957:0.010522046101227693"
"95","1038611705","10.0345749","105.7840647","1038612031:0.030974608742513565 1038611966:0.0023548637692337522"
"96","1038611720","10.0343250","105.7835242","1038611356:0.03544763467623046 1038611988:0.0029513790931257654"
"97","1038611726","10.0367865","105.7885188","1038611391:0.02571021964862181 1038612000:0.07285753915436652"
"98","1038611742","10.0372971","105.7882848","1038611403:0.0072535197317626365 1038612025:0.014454634192788234"
"99","1038611743","10.0350254","105.7870372","1038611405:0.01601221431900305 1038612027:0.026657541450584177"
"100","1038611747","10.0346630","105.7834866","1038611413:0.002546642941073256 1038611754:0.0012796339550291988"
"101","1038611754","10.0346616","105.7834982","1038611747:0.0012796339550291988 5253611318:0.03290124394288821"
"102","1038611771","10.0342276","105.7838421","1038611471:0.003173144649238159 1038611356:0.008516102481166353"
"103","1038611776","10.0351032","105.7878911","1038611494:0.003906922482074815 1038611370:0.01297634810647886"
"104","1038611778","10.0343855","105.7868966","1038611496:0.006405061122259877 1038611373:0.0206332441221693"
"105","1038611788","10.0370364","105.7886052","1038611501:0.007745279798540802 1038611391:0.01415751328376241"
"106","1038611795","10.0374317","105.7882498","1038612000:0.026569053064248963 1038611403:0.013649442450188851"
"107","1038611797","10.0351066","105.7869087","1038611512:0.015632501955899818 1038611405:0.003972762854743656"
"108","1038611798","10.0346400","105.7834475","1038611526:0.016790995909178347 1038611413:0.00429948249757521"
"109","1038611808","10.0344792","105.7875362","1038611530:0.002053142599891959 1038611445:0.003472012068859042"
"110","1038611828","10.0353271","105.7880302","1038611559:0.00838331613276107 1038611843:0.02392910642085184"
"111","1038611830","10.0342719","105.7839027","1038611560:0.00249817029327115 1038611471:0.00762720076352017"
"112","1038611831","10.0372182","105.7886177","1038611580:0.004602075832207561 1038611852:0.02237637599875795"
"113","1038611843","10.0351183","105.7879773","1038611828:0.02392910642085184 1038611494:0.008755438590282428"
"114","1038611845","10.0346276","105.7869770","1038611353:0.01785947729061384 1038611496:0.024072771250724708"
"115","1038611852","10.0370826","105.7884667","1038611831:0.02237637599875795 1038611501:0.014008949733990736"
"116","1038611856","10.0349192","105.7867857","1038611666:0.011738498091689576 1038611601:0.010678928980604033"
"117","1038611860","10.0344422","105.7834927","1038611587:0.03983221842715003 1038611477:0.042280828140243"
"118","1038611864","10.0351066","105.7867564","1038612002:0.012957763492284686 1038611512:0.004746302970045075"
"119","1038611865","10.0344946","105.7833981","1038611592:0.009291010275582219 1038611526:0.001576192898287028"
"120","1038611868","10.0345435","105.7875797","1038611604:0.0020363922427535943 1038611530:0.008252059560093564"
"121","1038611886","10.0353847","105.7879659","1038612041:0.013351144850917146 1038611559:0.004515833220685131"
"122","1038611889","10.0343227","105.7839600","1038611638:0.002143731752706906 1038611560:0.008064071541834725"
"123","1038611897","10.0372445","105.7887094","1038611636:0.02608741925783236 1038611580:0.009392563032771068"
"124","1038611906","10.0349791","105.7866051","1038611653:0.012117791137814284 1038612002:0.018471138342276556"
"125","1038611908","10.0345833","105.7840035","1038611477:0.03983218900366198 1038611587:0.042280834551891466"
"126","1038611914","10.0343612","105.7834597","1038611660:0.0027919213047517084 1038611592:0.013382644766188608"
"127","1038611918","10.0348057","105.7868734","1038611666:0.009141874014745765 1038611601:0.011356244391825475"
"128","1038611920","10.0345935","105.7875727","1038611397:0.017699093728942506 1038611604:0.005004195167796529"
"129","1038611951","10.0373554","105.7884793","1038611690:0.0048992037372008555 1038611636:0.010298163246632547"
"130","1038611957","10.0346954","105.7869799","1038611693:0.010522046101227693 1038611984:0.03368249735215954"
"131","1038611966","10.0345641","105.7840832","1038611705:0.0023548637692337522 1038611638:0.02996021390640528"
"132","1038611984","10.0347309","105.7866744","1038611957:0.03368249735215954 1038611653:0.02541171595657686"
"133","1038611988","10.0343022","105.7835104","1038611720:0.0029513790931257654 1038611660:0.008120475727972896"
"134","1038612000","10.0372707","105.7880705","1038611795:0.026569053064248963 1038611726:0.07285753915436652"
"135","1038612002","10.0351409","105.7866433","1038611864:0.012957763492284686 1038611906:0.018471138342276556"
"136","1038612025","10.0372010","105.7883737","1038611742:0.014454634192788234 1038611690:0.02010457223647041"
"137","1038612027","10.0347900","105.7869911","1038611743:0.026657541450584177 1038611693:0.0014965090570042922"
"138","1038612031","10.0348112","105.7842145","5253612428:0.03381283696036438 1038611705:0.030974608742513565"
"139","1038612041","10.0354138","105.7878476","1038611886:0.013351144850917146 5251604552:0.020262002995484005"
"140","1038747209","10.0371451","105.7870041","948325274:0.09037820018602016 1777869105:0.08964270082616645 1038747764:0.10302248643395066 5251612806:0.01663796867599505"
"141","1038747272","10.0375479","105.7846555","9287375691:0.10546864238087228 4555823436:0.04039818761205742 6546349408:0.10480965047450601"
"142","1038747286","10.0335270","105.7885973","1043858740:0.031094033248485142"
"143","1038747342","10.0367551","105.7845493","1038748214:0.03407383695289198 1038748042:0.02039166310854333"
"144","1038747410","10.0313328","105.7880159","1797765262:0.058436417317884876 1038747946:0.019841449440327338"
"145","1038747463","10.0368223","105.7849105","1038748214:0.02019502983116203 1038748042:0.03483467423885057"
"146","1038747470","10.0358767","105.7827109","1038597312:0.04692525945651516 1038747830:0.03980459905455267"
"147","1038747475","10.0328826","105.7835799","7075362615:0.08770339805933267 1038747581:0.02731147318246354"
"148","1038747581","10.0330457","105.7837664","1038747475:0.02731147318246354 1778808140:0.12804599694830324"
"149","1038747764","10.0378613","105.7864072","1038747209:0.10302248643395066"
"150","1038747830","10.0358014","105.7823555","1038747470:0.03980459905455267 1797789392:0.03667525419728565"
"151","1038747890","10.0341152","105.7850434","5595948426:0.014293401436084088 1043957095:0.028915656326175453 1778808140:0.05551186561529348 5177511630:0.04601729631630561 5450264176:0.01671154289372401"
"152","1038747946","10.0315096","105.7880404","1038747410:0.019841449440327338 1797765259:0.09091291001127065"
"153","1038747963","10.0354448","105.7864719","951963220:0.08021850770287044 5311296925:0.016360566789282986 5253632065:0.025262002541446258"
"154","1038748042","10.0366162","105.7846709","1038747463:0.03483467423885057 1038747342:0.02039166310854333"
"155","1038748115","10.0348175","105.7858175","1043957434:0.038582537141496766 5177511630:0.06923256225871714 5311296925:0.08363713009938767 540801824:0.01425981406666773"
"156","1038748214","10.0369553","105.7847849","1038747342:0.03407383695289198 1038747463:0.02019502983116203"
"157","1038748302","10.0331346","105.7836886","1778803108:0.08381827068113469 5450264177:0.028294836115431467"
"158","1039976704","10.0347399","105.7853152","1039979236:0.010117549792077307 1039977376:0.002562459497115366"
"159","1039976852","10.0365958","105.7874237","345574893:0.013869995882985355 5450264172:0.030186611541836373"
"160","1039976924","10.0346964","105.7852677","1039978041:0.002523074687940275 1039977531:0.009547858968476174"
"161","1039977376","10.0347229","105.7853310","1039976704:0.002562459497115366 1039978041:0.0070959872599067235"
"162","1039977381","10.0356142","105.7818884","1797789393:0.01100951021146389"
"163","1039977531","10.0346384","105.7852034","1039976924:0.009547858968476174 1039977593:0.0140065539915648"
"164","1039977593","10.0347312","105.7851169","1039978512:0.026768901574268453 1039977531:0.0140065539915648"
"165","1039978041","10.0346797","105.7852833","1039977376:0.0070959872599067235 1039976924:0.002523074687940275"
"166","1039978512","10.0348940","105.7852970","1039977593:0.026768901574268453 1039979236:0.013975359001591811"
"167","1039979236","10.0348014","105.7853833","1039978512:0.013975359001591811 1039976704:0.010117549792077307"
"168","1041864040","10.035001","105.78714","951963305:0.45519395447295635 1041864064:0.00921216762299317"
"169","1041864064","10.035083","105.787152","1041864040:0.00921216762299317 540817729:0.5246426079400235"
"170","1043717329","10.0361662","105.7877171","5261397451:0.009813374979423226 1043717975:0.018514574948088513"
"171","1043717342","10.035465","105.787198","540817729:0.5674159404763273 1043956941:0.003573367448402096"
"172","1043717496","10.035501","105.78789","540801444:0.03278902840151634 1038596644:0.061102390471134464"
"173","1043717621","10.035625","105.787214","1043956941:0.014303950476516862 949399882:0.6329038656092393"
"174","1043717637","10.0358778","105.7876736","1043718107:0.024858721803045932 1043718217:0.01583439707762038"
"175","1043717751","10.0360221","105.7876209","1043718217:0.006335956301580896 1043717975:0.004980976811009207"
"176","1043717975","10.0360556","105.7875907","1043717751:0.004980976811009207 1043717329:0.018514574948088513"
"177","1043718107","10.0360262","105.7878434","5261397451:0.011009266287749233 1043717637:0.024858721803045932"
"178","1043718217","10.0359843","105.7875776","1043717637:0.01583439707762038 1043717751:0.006335956301580896"
"179","1043858740","10.0336627","105.7883490","3482849198:0.00915118514154601 8671831125:0.013975747167671162 1038747286:0.031094033248485142 540817545:0.07939325442247466 3649880922:0.010771465910859222"
"180","1043956935","10.034957","105.785777","1043957084:0.01229446217935989 1043957280:0.011873633129979331 5257347063:0.035306891426859506 540801824:0.009978891740622718"
"181","1043956939","10.034444","105.785192","2598517955:0.056813006748005 1043957332:0.005859059737289032"
"182","1043956941","10.035497","105.787201","1043717342:0.003573367448402096 1043717621:0.014303950476516862"
"183","1043956945","10.0360242","105.7854273","1043957397:0.006972395053247279 1043957473:0.00656541468455109"
"184","1043956960","10.0352007","105.7860213","5253685286:0.030977125170364782 5257347063:0.0027698685975704796"
"185","1043956965","10.0361046","105.7851381","1043957508:0.016297502751097145 1043957253:0.01658497374516698"
"186","1043956986","10.03411","105.785395","1043957511:0.0014823863626103081 5256976681:0.022135585921921188 1043957511:0.0014823863626103081 1043957478:0.009550002494492891"
"187","1043956994","10.0346662","105.7862389","1043957579:0.029148693135500166 1043957337:0.0019893669701002027"
"188","1043956997","10.0348277","105.7863933","1043957606:0.010179012902128174 1043957678:0.009238847293261276"
"189","1043957005","10.0359269","105.7857768","1043957276:0.008630007522598505 1043957371:0.02797579974326547"
"190","1043957028","10.0349640","105.7864990","1043957453:0.001975677561015462 1043957533:0.012854632950752126"
"191","1043957030","10.0358747","105.7853402","1043957473:0.01801371495862662 1043957068:0.00538276847493839"
"192","1043957040","10.0359376","105.7863811","1043957629:0.02157205215567069 1043957604:0.026623471617458545 1043957079:0.012780078095759954 1043957604:0.026623471617458545"
"193","1043957050","10.034064","105.785409","1043957303:0.001724469067828465 1043957511:0.003862046080354496 1043957303:0.001724469067828465 1043957073:0.006108808908777931"
"194","1043957055","10.0347140","105.7861592","1043957337:0.009878614030892746 1043957410:0.0014652738674887737"
"195","1043957068","10.0359117","105.7853085","1043957030:0.00538276847493839 1043957423:0.010908640912510583"
"196","1043957070","10.0352119","105.7857904","1043957665:0.004671680425776195 1043957426:0.005594176605059848"
"197","1043957073","10.0340984","105.7854525","1043957050:0.006108808908777931 1043957511:0.005969459475063952"
"198","1043957079","10.0359884","105.7862764","1043957350:0.013575166712792262 1043957040:0.012780078095759954"
"199","1043957084","10.0350497","105.7857158","1043957510:0.0038365767502887248 1043956935:0.01229446217935989"
"200","1043957095","10.033857","105.785012","1038747890:0.028915656326175453 1043957420:0.12090558824828797"
"201","1043957098","10.0348586","105.7865737","1043957533:0.005620378447338332 1043957126:0.005138665039983387"
"202","1043957103","10.0348086","105.7861582","1043957576:0.002525613293831155 1043957469:0.0018204800264801715"
"203","1043957106","10.0340388","105.7855027","1043957718:0.0032224188914716976 1043957494:0.0036188934743055234"
"204","1043957109","10.0357326","105.7858426","1043957571:0.0069409310001890216 1043957645:0.009310201450328286"
"205","1043957124","10.0347448","105.7861445","1043957651:0.001534916061990079 1043957377:0.0019667138945966044"
"206","1043957126","10.0348415","105.7866173","1043957098:0.005138665039983387 1043957495:0.014155396076746114"
"207","1043957134","10.0351505","105.7858028","1043957426:0.0041410745573574005 1043957510:0.014198806523826947"
"208","1043957148","10.0357104","105.7863800","5253526378:0.01579239578403256 1043957350:0.02999425825846613"
"209","1043957154","10.0351359","105.7854291","1043957436:0.029646040115033426 1043957405:0.024633557613797877"
"210","1043957156","10.0346227","105.7860063","1043957686:0.01979468981045676 1043957599:0.06903628200115285"
"211","1043957161","10.0344681","105.7851056","1043957608:0.015487256181377106 1043957658:0.01862111337079044"
"212","1043957183","10.0348678","105.7862118","1043957469:0.00881878726172777 1043957514:0.0010383915297038026"
"213","1043957185","10.0363267","105.7852515","1043957447:0.03594884838482613 1043957397:0.03812640350365591"
"214","1043957187","10.0360005","105.7867931","1043957604:0.037082072240977745 1043957549:0.01571497568838087"
"215","1043957200","10.0341667","105.7854557","1043957478:0.0026616307094056023 1043957555:0.009692875568830408"
"216","1043957204","10.0357605","105.7857052","1043957645:0.012206835443756267 1043957536:0.009427373509785038"
"217","1043957205","10.0347756","105.7861391","1043957377:0.0015813958127247074 1043957576:0.0017450063997940636"
"218","1043957211","10.0347275","105.7865700","1043957495:0.0016531416647389853 1043957579:0.02145542875329494"
"219","1043957220","10.0352897","105.7856254","1043957405:0.012153171845678027 1043957589:0.0015373754100501086"
"220","1043957229","10.0358363","105.7854460","5311341324:0.0736019128565129"
"221","1043957247","10.0350204","105.7863708","1043957514:0.024314913353855862 1043957453:0.01578166549308567"
"222","1043957253","10.0359878","105.7852323","1043957691:0.0162975063592768 1043956965:0.01658497374516698"
"223","1043957265","10.0360036","105.7865915","1043957549:0.015502221088931727 1043957629:0.010900557303855342"
"224","1043957269","10.0341653","105.7868059","5257034602:0.06564352782876891 1043957632:0.027866692880488528"
"225","1043957276","10.0358760","105.7857173","1043957536:0.00882683074482878 1043957005:0.008630007522598505"
"226","1043957280","10.0350214","105.7856905","1043956935:0.011873633129979331 1043957436:0.0018088364352446316"
"227","1043957297","10.03421","105.784922","5450264176:0.0018145578476180888 4349830892:0.014061749642353582"
"228","1043957303","10.034049","105.785413","8835197221:0.004401528858494039 1043957050:0.001724469067828465 1043957494:0.006879241562965073 1043957050:0.001724469067828465"
"229","1043957307","10.0352182","105.7857463","1043957589:0.01536568758986986 1043957665:0.0014235186479590821"
"230","1043957329","10.0348669","105.7865088","1043957606:0.005120366693506282 1043957678:0.009523170991785736"
"231","1043957332","10.034409","105.785152","1043956939:0.005859059737289032 1778802986:0.013676861269136385"
"232","1043957337","10.0346834","105.7862439","1043956994:0.0019893669701002027 1043957055:0.009878614030892746"
"233","1043957350","10.0359028","105.7861880","1043957079:0.013575166712792262 1043957148:0.02999425825846613"
"234","1043957358","10.0339565","105.7859803","4403441765:0.019884835542239077 1043957718:0.05119362295484025"
"235","1043957371","10.0357370","105.7859444","1043957005:0.02797579974326547 1043957571:0.0087316257420779"
"236","1043957377","10.0347614","105.7861383","1043957124:0.0019667138945966044 1043957205:0.0015813958127247074"
"237","1043957397","10.0360646","105.7854760","1043957185:0.03812640350365591 1043956945:0.006972395053247279"
"238","1043957400","10.0346856","105.7850944","1043957658:0.015495305575182295 1043957608:0.018613689198861104"
"239","1043957405","10.0353363","105.7855250","1043957154:0.024633557613797877 1043957220:0.012153171845678027"
"240","1043957410","10.0347261","105.7861645","1043957055:0.0014652738674887737 1043957651:0.0015019251803775014"
"241","1043957420","10.0327770","105.7848840","1043957095:0.12090558824828797"
"242","1043957423","10.0358485","105.7852323","1043957068:0.010908640912510583 1043957447:0.04159093411998452"
"243","1043957426","10.0351664","105.7857686","1043957070:0.005594176605059848 1043957134:0.0041410745573574005"
"244","1043957434","10.034667","105.786135","1038748115:0.038582537141496766 1778802352:0.016651104646603587"
"245","1043957436","10.0350222","105.7856740","1043957154:0.029646040115033426 1043957280:0.0018088364352446316"
"246","1043957447","10.0361345","105.7849875","1043957185:0.03594884838482613 1043957423:0.04159093411998452"
"247","1043957453","10.0349469","105.7864941","1043957247:0.01578166549308567 1043957028:0.001975677561015462"
"248","1043957469","10.0348207","105.7861470","1043957103:0.0018204800264801715 1043957183:0.00881878726172777"
"249","1043957471","10.034234","105.78495","1778802986:0.015782589928764242 5450264176:0.002250207901611366"
"250","1043957473","10.0359791","105.7854660","1043956945:0.00656541468455109 1043957030:0.01801371495862662"
"251","1043957478","10.0341494","105.7854725","1043956986:0.009550002494492891 1043957200:0.0026616307094056023"
"252","1043957492","10.035779","105.786645","1043957654:0.01373739683961437 1038597380:0.029330950339455552"
"253","1043957494","10.0340570","105.7854753","1043957106:0.0036188934743055234 1043957303:0.006879241562965073"
"254","1043957495","10.0347299","105.7865551","1043957126:0.014155396076746114 1043957211:0.0016531416647389853"
"255","1043957508","10.0361957","105.7852547","1043956965:0.016297502751097145 1043957691:0.016584971940177235"
"256","1043957510","10.0350350","105.7857475","1043957134:0.014198806523826947 1043957084:0.0038365767502887248"
"257","1043957511","10.034097","105.785398","1043957050:0.003862046080354496 1043956986:0.0014823863626103081 1043957073:0.005969459475063952 1043956986:0.0014823863626103081"
"258","1043957514","10.0348746","105.7862053","1043957247:0.024314913353855862 1043957183:0.0010383915297038026"
"259","1043957533","10.0349028","105.7865986","1043957028:0.012854632950752126 1043957098:0.005620378447338332"
"260","1043957536","10.0358161","105.7857702","1043957276:0.00882683074482878 1043957204:0.009427373509785038"
"261","1043957549","10.0361013","105.7866925","1043957187:0.01571497568838087 1043957265:0.015502221088931727"
"262","1043957555","10.0342263","105.7855203","1043957200:0.009692875568830408 1043957599:0.0017515307253279928"
"263","1043957571","10.0356855","105.7858842","1043957371:0.0087316257420779 1043957109:0.0069409310001890216"
"264","1043957576","10.0347904","105.7861444","1043957205:0.0017450063997940636 1043957103:0.002525613293831155"
"265","1043957579","10.0345559","105.7864804","1043957211:0.02145542875329494 1043956994:0.029148693135500166"
"266","1043957589","10.0352772","105.7856194","1043957220:0.0015373754100501086 1043957307:0.01536568758986986"
"267","1043957599","10.0342389","105.7855107","1043957555:0.0017515307253279928 1043957156:0.06903628200115285"
"268","1043957604","10.0357668","105.7865515","1043957187:0.037082072240977745 1043957040:0.026623471617458545 1043957040:0.026623471617458545 5253526378:0.00400530973416696"
"269","1043957606","10.0348850","105.7864658","1043956997:0.010179012902128174 1043957329:0.005120366693506282"
"270","1043957608","10.0345625","105.7852096","1043957400:0.018613689198861104 1043957161:0.015487256181377106"
"271","1043957626","10.0359043","105.7862805"," "
"272","1043957629","10.0360735","105.7865217","1043957265:0.010900557303855342 1043957040:0.02157205215567069"
"273","1043957632","10.0339160","105.7867799","1043957269:0.027866692880488528 4403441765:0.06781983107739"
"274","1043957645","10.0356777","105.7857784","1043957109:0.009310201450328286 1043957204:0.012206835443756267"
"275","1043957651","10.0347343","105.7861536","1043957410:0.0015019251803775014 1043957124:0.001534916061990079"
"276","1043957654","10.035863","105.786737","1772465762:0.024146649112444803 1043957492:0.01373739683961437"
"277","1043957658","10.0345912","105.7849903","1043957400:0.015495305575182295 1043957161:0.01862111337079044"
"278","1043957665","10.0352298","105.7857518","1043957307:0.0014235186479590821 1043957070:0.004671680425776195"
"279","1043957678","10.0347908","105.7864689","1043957329:0.009523170991785736 1043956997:0.009238847293261276"
"280","1043957686","10.0345427","105.7861678","1043957156:0.01979468981045676 5257034602:0.01603046052487452"
"281","1043957691","10.0360789","105.7853489","1043957508:0.016584971940177235 1043957253:0.0162975063592768"
"282","1043957718","10.0340131","105.7855163","1043957358:0.05119362295484025 1043957106:0.0032224188914716976"
"283","1044053702","10.0354556","105.7867009","1044054362:0.045133070535050036 1044055767:0.0031869486441385595"
"284","1044053793","10.0357456","105.7871534","1044055324:0.014217282492819514 1044054362:0.04361597349147786"
"285","1044054204","10.0371005","105.7873571","1044055908:0.046872308723084136 1044054908:0.02705522344426692"
"286","1044054362","10.0353568","105.7871007","1044053793:0.04361597349147786 1044053702:0.045133070535050036"
"287","1044054908","10.0368572","105.7873597","1044054204:0.02705522344426692 1044055017:0.043699557613051714"
"288","1044055017","10.0371407","105.7870833","1044055908:0.0567971251781176 1044054908:0.043699557613051714"
"289","1044055324","10.0357942","105.7870333","1044055767:0.05086712376242048 1044053793:0.014217282492819514"
"290","1044055767","10.0354831","105.7866927","1044055324:0.05086712376242048 1044053702:0.0031869486441385595"
"291","1044055908","10.0375147","105.7874366","1044055017:0.0567971251781176 1044054204:0.046872308723084136"
"292","1340702912","10.0358425","105.7885939","4532501503:0.0029629687488948084 4532501502:0.0022684920742493536"
"293","1340702920","10.0355725","105.7888979","1340702969:0.02296044107994671 1340702996:0.02386423549380053"
"294","1340702922","10.0358803","105.7886187","1340702960:0.014870628066035603 4532501502:0.002807388049430978"
"295","1340702925","10.0351907","105.7890128","1340702973:0.01472808600136622 1340702931:0.021301572122834424"
"296","1340702931","10.0353576","105.7891083","1340702969:0.010648793179196958 1340702925:0.021301572122834424"
"297","1340702935","10.0347444","105.7826953","8834308844:0.006707473467903445"
"298","1340702945","10.0354765","105.7887005","1340702976:0.018346704651295266 4532501512:0.005370914408473197"
"299","1340702960","10.0357950","105.7887233","1340702922:0.014870628066035603 1340702998:0.004246414541479429"
"300","1340702969","10.0354094","105.7890265","1340702931:0.010648793179196958 1340702920:0.02296044107994671"
"301","1340702973","10.0352406","105.7888882","1340702996:0.026720686355023844 1340702925:0.01472808600136622"
"302","1340702976","10.0355896","105.7888225","1340702987:0.004955578503771471 1340702945:0.018346704651295266"
"303","1340702980","10.0359490","105.7833991","1038597312:0.041454008156682355 5257034555:0.03406376533818632 5257347032:0.07080168847002659"
"304","1340702987","10.0356201","105.7887895","1340702976:0.004955578503771471 4532501509:0.0029754767359528194"
"305","1340702996","10.0354286","105.7887362","1340702920:0.02386423549380053 1340702973:0.026720686355023844"
"306","1340702998","10.0357691","105.7886948","1340702960:0.004246414541479429 4532501506:0.002244129598752198"
"307","1340703023","10.0355993","105.7886808","4532501513:0.005013526608499321 4532501510:0.003616001508724872"
"308","1497099043","10.0369655","105.7852463","1497099054:0.05159991966746039 1497099055:0.08934926215488362"
"309","1497099054","10.0372782","105.7855945","1497099056:0.08928413317188809 1497099043:0.05159991966746039"
"310","1497099055","10.0375591","105.7846963","1497099056:0.05371140425759966 1497099043:0.08934926215488362"
"311","1497099056","10.0378840","105.7850593","1497099055:0.05371140425759966 1497099054:0.08928413317188809"
"312","1772465762","10.0360097","105.7868996","5311296926:0.01186369150927753 5450264174:0.04208047032955797 1043957654:0.024146649112444803 1777869114:0.018067587916900406"
"313","1775735037","10.0357213","105.7878715","1775735038:0.029148326818994603 1775735040:0.02318217113700035"
"314","1775735038","10.0355248","105.7880477","1775735039:0.02318954082562848 1775735037:0.029148326818994603"
"315","1775735039","10.0356629","105.7882064","1775735040:0.02913998704729523 1775735038:0.02318954082562848"
"316","1775735040","10.0358593","105.7880302","1775735039:0.02913998704729523 1775735037:0.02318217113700035"
"317","1775736276","10.0358724","105.7869654","5253632065:0.04671371830382228 1777869114:0.009794141430057931"
"318","1775736278","10.0361213","105.7873080","5450264175:0.002321500420627358 1814611839:0.004028091434206233"
"319","1775736282","10.0361520","105.7873737","1814611839:0.0040343129029236525 1775736286:0.004035927548047124"
"320","1775736283","10.0361599","105.7872057","1775736285:0.004206552713624939 8670906748:0.004196972402438392"
"321","1775736285","10.0361922","105.7871857","5450264173:0.00420253247851668 1775736283:0.004206552713624939"
"322","1775736286","10.0361809","105.7873960","1775736282:0.004035927548047124 1775736287:0.004033965433234488"
"323","1775736287","10.0362152","105.7874080","1775736286:0.004033965433234488 1814611842:0.004036747094031706"
"324","1775736291","10.0362861","105.7873974","1814611842:0.004034749003461336 1775736294:0.004028528071927515"
"325","1775736292","10.0362966","105.7871956","1814611841:0.003654380039073343 5450264174:0.003662106980485904"
"326","1775736293","10.0363392","105.7872456","1814611840:0.0036574940731226614 1814611841:0.0036584124597136307"
"327","1775736294","10.0363155","105.7873759","1775736291:0.004028528071927515 8670906747:0.0040295852773809"
"328","1777869105","10.0376839","105.7876131","1038747209:0.08964270082616645 540801493:0.01259056036716218"
"329","1777869114","10.0359226","105.7870389","540801454:0.022656845624198795 1775736276:0.009794141430057931 5450264175:0.03502006417317117 1772465762:0.018067587916900406"
"330","1778800787","10.034071","105.787504","951963317:0.011986104294809055 345574916:0.0331842823737607"
"331","1778802352","10.034602","105.786272","1043957434:0.016651104646603587 5479208859:0.005152325565869289"
"332","1778802986","10.034328","105.785058","1043957332:0.013676861269136385 1043957471:0.015782589928764242"
"333","1778803108","10.033634","105.784262","4349830892:0.08250212432798927 1038748302:0.08381827068113469"
"334","1778808140","10.033792","105.784657","1038747581:0.12804599694830324 1038747890:0.05551186561529348"
"335","1778886495","10.035591","105.788447","345574925:0.016736089581775842 5744397026:0.012730476043745838"
"336","1778886592","10.034958","105.785578","6543905528:0.08713843256421902 540801824:0.01639034616404963"
"337","1778895332","10.0351983","105.7877691","1778895333:0.03743979803857707 1778895334:0.03440056013105907"
"338","1778895333","10.0355316","105.7878176","1778895335:0.03257495024866792 1778895332:0.03743979803857707"
"339","1778895334","10.0352701","105.7874635","1778895332:0.03440056013105907 1778895335:0.03374693220033455"
"340","1778895335","10.0355680","105.7875224","1778895333:0.03257495024866792 1778895334:0.03374693220033455"
"341","1797765255","10.0337407","105.7885388","6190703100:0.05301929874396185 1797765261:0.2428243286659748"
"342","1797765257","10.0315115","105.7883082","1797765263:0.23003645409486614 1797765260:0.08101957411464214"
"343","1797765258","10.0356146","105.7898245","4511547163:0.05717007688379801 1797765263:0.2604121109864815"
"344","1797765259","10.0323197","105.7881526","1038747946:0.09091291001127065 6190703100:0.11054932846118526"
"345","1797765260","10.0307878","105.7882223","1797765257:0.08101957411464214 1797765262:0.030624804874680413"
"346","1797765261","10.0356634","105.7895903","1797765255:0.2428243286659748 4511547169:0.035218572487626186"
"347","1797765262","10.0308121","105.7879437","1038747410:0.058436417317884876 1797765260:0.030624804874680413"
"348","1797765263","10.0335399","105.7887212","1797765258:0.2604121109864815 1797765257:0.23003645409486614"
"349","1797775258","10.036749","105.786248","5481540821:0.021623112206056175 5261381553:0.013192311141750004 5257347092:0.017288481060633177"
"350","1797776993","10.0353884","105.7826892","1797777000:0.03257423340987603 1797776996:0.0747535296802232"
"351","1797776996","10.0359695","105.7830325","1797776998:0.03380878420671215 1797776993:0.0747535296802232"
"352","1797776998","10.0358797","105.7833275","1797776996:0.03380878420671215 1797777016:0.06134667607667786"
"353","1797777000","10.0352511","105.7829520","1797777016:0.019746140690480984 1797776993:0.03257423340987603"
"354","1797777016","10.0354043","105.7830432","1797776998:0.06134667607667786 1797777000:0.019746140690480984"
"355","1797789392","10.0358073","105.7820206","1038747830:0.03667525419728565 1797789393:0.014886204378797115"
"356","1797789393","10.0356959","105.7819452","1797789392:0.014886204378797115 1039977381:0.01100951021146389"
"357","1814611839","10.0361315","105.7873433","1775736278:0.004028091434206233 1775736282:0.0040343129029236525"
"358","1814611840","10.0363483","105.7872777","5450264172:0.003657230175271462 1775736293:0.0036574940731226614"
"359","1814611841","10.0363214","105.7872175","1775736293:0.0036584124597136307 1775736292:0.003654380039073343"
"360","1814611842","10.0362515","105.7874085","1775736287:0.004036747094031706 1775736291:0.004034749003461336 8671094383:0.04621513306531762"
"361","1815464687","10.0374930","105.7845693","1815464689:0.0900446899214075 1815464690:0.028569880229296962"
"362","1815464688","10.0371265","105.7837754","5261381554:0.042448004499290086 1815464689:0.029436290083547294"
"363","1815464689","10.0369412","105.7839674","1815464688:0.029436290083547294 1815464687:0.0900446899214075"
"364","1815464690","10.0376905","105.7844024","5261381554:0.05053667255066074 1815464687:0.028569880229296962"
"365","1924771927","10.034359","105.788504","6543886694:0.018695983330361578 540817545:0.020687351013592276"
"366","1930000727","10.035184","105.783696","5257034554:0.001068533318823999 6278214586:0.054217444327201644"
"367","2598517869","10.034425","105.788759","948325328:0.040307564325650386 2598517892:0.012516653119997504"
"368","2598517892","10.034328","105.788701","2598517869:0.012516653119997504 540817545:0.004030069121629378"
"369","2598517955","10.034781","105.785582","540801824:0.018999287521579762 1043956939:0.056813006748005"
"370","3482845489","10.0339139","105.7879312"," "
"371","3482845490","10.0338133","105.7876677"," "
"372","3482849197","10.033771","105.788406","3482849199:9.915340202322376E-4 3482849198:0.004412970210949129"
"373","3482849198","10.033736","105.788387","3482849197:0.004412970210949129 1043858740:0.00915118514154601"
"374","3482849199","10.033779","105.78841","6380179287:0.02037468454519651 3482849197:9.915340202322376E-4"
"375","3649880922","10.033706","105.788261","951963225:0.013703718912924259 1043858740:0.010771465910859222"
"376","3707968626","10.033961","105.788505","951963412:0.005899650043237494 6380179287:0.0023795826826183237"
"377","3753837989","10.0370740","105.7865588","5241230174:0.017273878665658913 3753837997:0.0319885038187418"
"378","3753837992","10.0371723","105.7868596","3753837997:0.013456521875939742 5241230172:0.0256810681017474"
"379","3753837997","10.0372634","105.7867787","3753837992:0.013456521875939742 3753837989:0.0319885038187418"
"380","4349830892","10.034126","105.784826","1043957297:0.014061749642353582 1778803108:0.08250212432798927"
"381","4374993693","10.035938","105.788134","8671094383:0.051023815162260074 345574925:0.03487718712232062"
"382","4403441765","10.0339377","105.7861609","1043957632:0.06781983107739 1043957358:0.019884835542239077"
"383","4511547162","10.0365773","105.7905584","4511547167:0.008604458976831052 4511547165:0.020647259901976318"
"384","4511547163","10.0359651","105.7902065","4511547164:0.039324169480970075 1797765258:0.05717007688379801"
"385","4511547164","10.0361935","105.7904807","4511547165:0.024559451159724032 4511547163:0.039324169480970075"
"386","4511547165","10.0363926","105.7905778","4511547162:0.020647259901976318 4511547164:0.024559451159724032"
"387","4511547166","10.0367279","105.7905023","4511547168:0.08156954676250637 4511547167:0.009800613036105714"
"388","4511547167","10.0366544","105.7905517","4511547166:0.009800613036105714 4511547162:0.008604458976831052"
"389","4511547168","10.0361929","105.7899926","4511547169:0.03890963116582543 4511547166:0.08156954676250637"
"390","4511547169","10.0359400","105.7897470","1797765261:0.035218572487626186 4511547168:0.03890963116582543"
"391","4532501502","10.0358614","105.7886017","1340702912:0.0022684920742493536 1340702922:0.002807388049430978"
"392","4532501503","10.0358159","105.7885923","4532501504:0.001957317535604764 1340702912:0.0029629687488948084"
"393","4532501504","10.0357990","105.7885973","4532501508:0.0038038770763564383 4532501503:0.001957317535604764"
"394","4532501505","10.0357601","105.7886355","4532501507:0.002570591155293905 4532501508:0.0022945415129847595"
"395","4532501506","10.0357574","105.7886781","1340702998:0.002244129598752198 4532501507:0.002243138838174743"
"396","4532501507","10.0357535","105.7886580","4532501506:0.002243138838174743 4532501505:0.002570591155293905"
"397","4532501508","10.0357716","105.7886181","4532501505:0.0022945415129847595 4532501504:0.0038038770763564383"
"398","4532501509","10.0356282","105.7887636","4532501511:0.0030170016898334187 1340702987:0.0029754767359528194"
"399","4532501510","10.0356196","105.7887066","1340703023:0.003616001508724872 4532501511:0.0033199337594061015"
"400","4532501511","10.0356265","105.7887361","4532501510:0.0033199337594061015 4532501509:0.0030170016898334187"
"401","4532501512","10.0355156","105.7886717","1340702945:0.005370914408473197 4532501513:0.0045847476708645776"
"402","4532501513","10.0355565","105.7886664","4532501512:0.0045847476708645776 1340703023:0.005013526608499321"
"403","4532501514","10.0357426","105.7887895","4532501517:0.007570270435087521 4532501515:0.00591413597805459"
"404","4532501515","10.0357057","105.7887506","4532501514:0.00591413597805459 4532501516:0.007562271760053408"
"405","4532501516","10.0357546","105.7887026","4532501515:0.007562271760053408 4532501517:0.005921855381194501"
"406","4532501517","10.0357916","105.7887415","4532501514:0.007570270435087521 4532501516:0.005921855381194501"
"407","4532501518","10.0357306","105.7886139","4532501521:0.008467496957481115 4532501519:0.009823021337632042"
"408","4532501519","10.0356619","105.7885575","4532501518:0.009823021337632042 4532501520:0.008458977323768995"
"409","4532501520","10.0357097","105.7884974","4532501519:0.008458977323768995 4532501521:0.009816140927293377"
"410","4532501521","10.0357784","105.7885537","4532501518:0.008467496957481115 4532501520:0.009816140927293377"
"411","4532501522","10.0357007","105.7884846","4532501525:0.0059850928600205374 4532501523:0.017879570580030042"
"412","4532501523","10.0355924","105.7886053","4532501522:0.017879570580030042 4532501524:0.005985093767429768"
"413","4532501524","10.0355526","105.7885685","4532501523:0.005985093767429768 4532501525:0.017879571780884954"
"414","4532501525","10.0356609","105.7884478","4532501522:0.0059850928600205374 4532501524:0.017879571780884954"
"415","4532501526","10.0365254","105.7885664","4532501527:0.03289318462227663 4532501529:0.010187927599561728"
"416","4532501527","10.0363313","105.7887931","4532501528:0.010180743550599928 4532501526:0.03289318462227663"
"417","4532501528","10.0364004","105.7888541","4532501529:0.03288491873014064 4532501527:0.010180743550599928"
"418","4532501529","10.0365945","105.7886275","4532501528:0.03288491873014064 4532501526:0.010187927599561728"
"419","4532501530","10.0363246","105.7885094","4532501533:0.005439342382226209 4532501531:0.007276234620745553"
"420","4532501531","10.0362770","105.7884638","4532501530:0.007276234620745553 4532501532:0.005446963805523586"
"421","4532501532","10.0363106","105.7884276","4532501531:0.005446963805523586 4532501533:0.007268149729021594"
"422","4532501533","10.0363581","105.7884732","4532501530:0.005439342382226209 4532501532:0.007268149729021594"
"423","4532501534","10.0361626","105.7884489","4532501535:0.009347575133382026 4532501537:0.010373190214463854"
"424","4532501535","10.0362207","105.7885106","4532501536:0.010373189323671624 4532501534:0.009347575133382026"
"425","4532501536","10.0362881","105.7884451","4532501537:0.009347574118145992 4532501535:0.010373189323671624"
"426","4532501537","10.0362300","105.7883834","4532501536:0.009347574118145992 4532501534:0.010373190214463854"
"427","4532501538","10.0360264","105.7884482","4532501541:0.009329647987152336 4532501539:0.0473235767309608"
"428","4532501539","10.0363526","105.7887258","4532501538:0.0473235767309608 4532501540:0.009329642467348596"
"429","4532501540","10.0362987","105.7887911","4532501539:0.009329642467348596 4532501541:0.04732357998225214"
"430","4532501541","10.0359725","105.7885135","4532501538:0.009329647987152336 4532501540:0.04732357998225214"
"431","4532501542","10.0359972","105.7884483","4532501543:0.002037001732875339 4532501544:0.007300539585950795"
"432","4532501543","10.0359847","105.7884347","4532501547:0.011228191484147077 4532501542:0.002037001732875339"
"433","4532501544","10.0359493","105.7884939","4532501542:0.007300539585950795 4532501545:0.006313702865619499"
"434","4532501545","10.0359105","105.7884518","4532501544:0.006313702865619499 4532501546:0.018528731486114808"
"435","4532501546","10.0360321","105.7883361","4532501545:0.018528731486114808 4532501547:0.004276702871728101"
"436","4532501547","10.0360584","105.7883646","4532501543:0.011228191484147077 4532501546:0.004276702871728101"
"437","4532501548","10.0361854","105.7882079","4532501549:0.0209028236889476 4532501551:0.005686199023085617"
"438","4532501549","10.0360454","105.7883353","4532501550:0.005686200389767675 4532501548:0.0209028236889476"
"439","4532501550","10.0360795","105.7883740","4532501551:0.02090282270945958 4532501549:0.005686200389767675"
"440","4532501551","10.0362195","105.7882466","4532501550:0.02090282270945958 4532501548:0.005686199023085617"
"441","4532511209","10.0359811","105.7878456","4532511212:0.007359444785573536 4532511210:0.01657728427225558"
"442","4532511210","10.0358696","105.7879461","4532511209:0.01657728427225558 4532511211:0.00736764385481512"
"443","4532511211","10.0358257","105.7878957","4532511210:0.00736764385481512 4532511212:0.01657001904381096"
"444","4532511212","10.0359372","105.7877953","4532511209:0.007359444785573536 4532511211:0.01657001904381096"
"445","4532511213","10.0359247","105.7877837","4532511216:0.013819163292457998 4532511214:0.02055666218186426"
"446","4532511214","10.0357865","105.7879084","4532511213:0.02055666218186426 4532511215:0.013819965980958289"
"447","4532511215","10.0357040","105.7878140","4532511214:0.013819965980958289 4532511216:0.020541079510433928"
"448","4532511216","10.0358421","105.7876894","4532511213:0.013819163292457998 4532511215:0.020541079510433928"
"449","4532511217","10.0354668","105.7881758","4532511218:0.0017050156389244405 4532511222:0.008375569820778571"
"450","4532511218","10.0354783","105.7881655","4532511219:0.003789121514217355 4532511217:0.0017050156389244405"
"451","4532511219","10.0355009","105.7881914","4532511220:0.0025029882745117695 4532511218:0.003789121514217355"
"452","4532511220","10.0355178","105.7881763","4532511221:0.003313035322496246 4532511219:0.0025029882745117695"
"453","4532511221","10.0355375","105.7881990","4532511224:0.00864973548196309 4532511220:0.003313035322496246"
"454","4532511222","10.0354169","105.7881185","4532511217:0.008375569820778571 4532511223:0.01286498445283545"
"455","4532511223","10.0355036","105.7880407","4532511222:0.01286498445283545 4532511224:0.015485922537241549"
"456","4532511224","10.0355958","105.7881467","4532511221:0.00864973548196309 4532511223:0.015485922537241549"
"457","4555817853","10.0369677","105.7869634","4555817854:0.00677330596563246 4555817856:0.012757592900383714"
"458","4555817854","10.0369404","105.7869081","4555817853:0.00677330596563246 4555817855:0.014840800945132007"
"459","4555817855","10.0368453","105.7870032","4555817854:0.014840800945132007 4555817856:0.006436491075399721"
"460","4555817856","10.0368859","105.7870451","4555817855:0.006436491075399721 4555817853:0.012757592900383714"
"461","4555817857","10.0365926","105.7869834","4555817858:0.009780570061356186 4555817860:0.02287075966609741"
"462","4555817858","10.0365329","105.7869178","4555817857:0.009780570061356186 4555817859:0.02329441811702944"
"463","4555817859","10.0363786","105.7870617","4555817858:0.02329441811702944 4555817860:0.009308552022770545"
"464","4555817860","10.0364382","105.7871214","4555817859:0.009308552022770545 4555817857:0.02287075966609741"
"465","4555817865","10.0367010","105.7866985","4555817866:0.009947573762809176 4555817868:0.0217806506437036"
"466","4555817866","10.0366387","105.7866333","4555817865:0.009947573762809176 4555817867:0.021607938191472133"
"467","4555817867","10.0364946","105.7867657","4555817866:0.021607938191472133 4555817868:0.009801989279372925"
"468","4555817868","10.0365549","105.7868310","4555817867:0.009801989279372925 4555817865:0.0217806506437036"
"469","4555817869","10.0368840","105.7868369","4555817870:0.007653835438890007 4555817872:0.014894351000099653"
"470","4555817870","10.0368353","105.7867875","4555817869:0.007653835438890007 4555817871:0.013694560447186128"
"471","4555817871","10.0367399","105.7868666","4555817870:0.013694560447186128 4555817872:0.008050329788564512"
"472","4555817872","10.0367827","105.7869259","4555817871:0.008050329788564512 4555817869:0.014894351000099653"
"473","4555820324","10.0365725","105.7857692","4555820325:0.011632876448125792 4555820328:0.04180637221164107"
"474","4555820325","10.0364985","105.7856941","4555820324:0.011632876448125792 4555820326:0.046192561714004356"
"475","4555820326","10.0361850","105.7859709","4555820325:0.046192561714004356 4555820327:0.011366508911133489"
"476","4555820327","10.0362512","105.7860500","4555820326:0.011366508911133489 4555820328:0.005361025079836355"
"477","4555820328","10.0362843","105.7860144","4555820327:0.005361025079836355 4555820324:0.04180637221164107"
"478","4555823436","10.0378080","105.7843979","1038747272:0.04039818761205742 5257347080:0.011966388108865274"
"479","4561364891","10.034871","105.788521","6543858865:0.011028038383085368 6543858867:0.005965170472457732"
"480","4592626792","10.035716","105.786337","1038597380:0.017604672542073024 5250302622:0.07908404787746504"
"481","4985331022","10.034529","105.785755","8835197221:0.06800826608131695 8835197220:0.05880368201644428"
"482","5177511630","10.0343956","105.7853525","1038747890:0.04601729631630561 1038748115:0.06923256225871714"
"483","5177687517","10.0372506","105.7874823","540801493:0.06223658689138385 345574893:0.05931849379288832"
"484","5241230172","10.0370202","105.7866831","3753837992:0.0256810681017474 5241230173:0.0038101441770042248"
"485","5241230173","10.0369944","105.7867060","5241230172:0.0038101441770042248 5241230174:0.006299200529613051"
"486","5241230174","10.0369571","105.7866627","5241230173:0.006299200529613051 3753837989:0.017273878665658913"
"487","5250290324","10.036356","105.785724","5250302622:0.01873964611224218 5253612423:0.030758752752293422"
"488","5250302622","10.036233","105.785841","4592626792:0.07908404787746504 5250290324:0.01873964611224218"
"489","5251451119","10.0368945","105.7880064","5251451120:0.003834286658781788 5251451628:0.0038302699076020017"
"490","5251451120","10.0368610","105.7880147","5251451621:0.0038418034514882903 5251451119:0.003834286658781788"
"491","5251451198","10.0369380","105.7871977","5251612806:0.01466155241816638 5251612803:0.01924059370443176"
"492","5251451199","10.0362585","105.7866628","5251612805:0.024336736340585613 5256955607:0.0035688586981881434"
"493","5251451621","10.0368387","105.7880415","5251451622:0.0038314102603822695 5251451120:0.0038418034514882903"
"494","5251451622","10.0368362","105.7880764","5251451623:0.0038395378795216223 5251451621:0.0038314102603822695"
"495","5251451623","10.0368544","105.7881062","5251451624:0.0038302699753411363 5251451622:0.0038395378795216223"
"496","5251451624","10.0368863","105.7881194","5251451625:0.003264735899303502 5251451623:0.0038302699753411363"
"497","5251451625","10.0369145","105.7881111","5251451626:0.004246108701449778 5251451624:0.003264735899303502"
"498","5251451626","10.0369421","105.7880843","5251451627:0.003831409013599819 5251451625:0.004246108701449778"
"499","5251451627","10.0369446","105.7880494","5251451628:0.0038395371069075623 5251451626:0.003831409013599819"
"500","5251451628","10.0369264","105.7880196","5251451627:0.0038395371069075623 5251451119:0.0038302699076020017"
"501","5251604549","10.03414","105.787355","951963062:0.00191703534266841 951963317:0.006042608584187027"
"502","5251604550","10.03517","105.787454","345574919:0.06901042659562202 951963220:0.03158650151477854"
"503","5251604551","10.03477","105.788001","540817541:0.02482883312303225 6543858866:0.013768348788831847"
"504","5251604552","10.0352370","105.7878028","1038611370:0.012100646442433294 1038612041:0.020262002995484005"
"505","5251604553","10.034406","105.787904","6543870312:0.022553588346772006 6543870313:0.010833077972209976"
"506","5251604554","10.034916","105.788379","6543858868:0.0037111610676843353 345574919:0.03617655147252007"
"507","5251612802","10.036445","105.786515","948325274:0.021840038821987564 5251612805:0.00196826025833588"
"508","5251612803","10.036823","105.787329","5251451198:0.01924059370443176 345574893:0.017488740969424377"
"509","5251612805","10.036431","105.786526","5251612802:0.00196826025833588 5251451199:0.024336736340585613"
"510","5251612806","10.037035","105.787107","1038747209:0.01663796867599505 5251451198:0.01466155241816638"
"511","5251612811","10.0370868","105.7858488","5251612814:0.014620926566882443 5251612813:0.01997638256107119"
"512","5251612812","10.0365865","105.7855576","5251612813:0.060936883386099566 5251612815:0.03443801694763037"
"513","5251612813","10.0369534","105.7859710","5251612811:0.01997638256107119 5251612812:0.060936883386099566"
"514","5251612814","10.0371797","105.7857543","5251612815:0.059360802021497634 5251612811:0.014620926566882443"
"515","5251612815","10.0368213","105.7853525","5251612814:0.059360802021497634 5251612812:0.03443801694763037"
"516","5252234363","10.0332544","105.7847196","5252234364:0.025005373718608993 5252234369:0.02821325081670435"
"517","5252234364","10.0333997","105.7848939","5252234365:0.0195284334898095 5252234363:0.025005373718608993"
"518","5252234365","10.0335265","105.7847705","5252234366:0.02055328051150486 5252234364:0.0195284334898095"
"519","5252234366","10.0336585","105.7849019","5252234367:0.005919104343880061 5252234365:0.02055328051150486"
"520","5252234367","10.0337061","105.7849261","5252234368:0.007060878098046645 5252234366:0.005919104343880061"
"521","5252234368","10.0337510","105.7848805","5252234369:0.04841470122826783 5252234367:0.007060878098046645"
"522","5252234369","10.0334525","105.7845586","5252234368:0.04841470122826783 5252234363:0.02821325081670435"
"523","5253394651","10.037019","105.785484","5257034604:0.040018364990777 9287375691:0.030951830494701793"
"524","5253526378","10.0357554","105.7865168","1043957604:0.00400530973416696 1043957148:0.01579239578403256"
"525","5253611318","10.0349493","105.7835684","1038611754:0.03290124394288821 1038611633:0.029691404822047084"
"526","5253611319","10.0365346","105.7861044","5253611320:0.04306764373481482 5253612422:0.01864956791847578"
"527","5253611320","10.0362491","105.7863702","5253612421:0.01908704237638057 5253611319:0.04306764373481482"
"528","5253612421","10.0363652","105.7864986","5253612422:0.04258635481979849 5253611320:0.01908704237638057"
"529","5253612422","10.0366448","105.7862328","5253612421:0.04258635481979849 5253611319:0.01864956791847578"
"530","5253612423","10.036557","105.785531","5250290324:0.030758752752293422 5457693221:0.008898895965884043"
"531","5253612424","10.0366421","105.7853529","5253612427:0.018532498776772814 5253612425:0.03791592062021045"
"532","5253612425","10.0363922","105.7855885","5253612424:0.03791592062021045 5253612426:0.018845633145883892"
"533","5253612426","10.0362800","105.7854595","5253612425:0.018845633145883892 5253612427:0.039334019136496236"
"534","5253612427","10.0365417","105.7852178","5253612424:0.018532498776772814 5253612426:0.039334019136496236"
"535","5253612428","10.0349850","105.7839611","1038611633:0.03306460694948664 1038612031:0.03381283696036438"
"536","5253612429","10.0353464","105.7844910","5253612432:0.044544558145089494 5253612430:0.031015495355142097"
"537","5253612430","10.0351143","105.7843339","5253612429:0.031015495355142097 5253612431:0.04602926240640822"
"538","5253612431","10.0353056","105.7839611","5253612430:0.04602926240640822 5253612432:0.029931057788364773"
"539","5253612432","10.0355211","105.7841249","5253612429:0.044544558145089494 5253612431:0.029931057788364773"
"540","5253632065","10.035595","105.786645","1038747963:0.025262002541446258 1775736276:0.04671371830382228"
"541","5253632066","10.034301","105.785477","8835197219:0.014642180424757052 5261400454:0.020512517532297624"
"542","5253652533","10.0326682","105.7831692","5450264177:0.04867589830602659 345574841:0.1208480027075715"
"543","5253652534","10.0322456","105.7829332","7075362615:0.012452160773841639"
"544","5253678442","10.033919","105.786007","5442006923:1.560553947293512E-4 5256976682:0.013576619579790844"
"545","5253685282","10.0354564","105.7861778","5253685283:0.01830163627760115 5253685285:0.031608611026422435"
"546","5253685283","10.0355660","105.7863025","5253685284:0.031608606283330135 5253685282:0.01830163627760115"
"547","5253685284","10.0357781","105.7861103","5253685285:0.018301629604413013 5253685283:0.031608606283330135"
"548","5253685285","10.0356685","105.7859856","5253685284:0.018301629604413013 5253685282:0.031608611026422435"
"549","5253685286","10.035393","105.786226","1038597380:0.03349753270766021 1043956960:0.030977125170364782"
"550","5256955607","10.036235","105.786685","5251451199:0.0035688586981881434 5342181921:0.015925465907811416"
"551","5256955608","10.0343981","105.7872596","5256955609:0.009964496676961728 5256955611:0.010858578360556127"
"552","5256955609","10.0343110","105.7872382","5256955610:0.0084534372114764 5256955608:0.009964496676961728"
"553","5256955610","10.0343374","105.7871658","5256955611:0.010274411221931701 5256955609:0.0084534372114764"
"554","5256955611","10.0344298","105.7871658","5256955610:0.010274411221931701 5256955608:0.010858578360556127"
"555","5256976681","10.0340495","105.7852024","1043956986:0.022135585921921188 5595948426:0.0045874427560671765"
"556","5256976682","10.0339319","105.7858837","5253678442:0.013576619579790844 8835197221:0.05103436011890889"
"557","5257034524","10.0368339","105.7837801","5257034525:0.0028087873066127214 5257034527:0.011110164923609347"
"558","5257034525","10.0368518","105.7837982","5257034526:0.011102299316196313 5257034524:0.0028087873066127214"
"559","5257034526","10.0369224","105.7837265","5257034527:0.0028009183897614795 5257034525:0.011102299316196313"
"560","5257034527","10.0369046","105.7837084","5257034526:0.0028009183897614795 5257034524:0.011110164923609347"
"561","5257034528","10.0369864","105.7833966","5257034529:0.0037829243586258335 5257034531:0.01565026649002123"
"562","5257034529","10.0370066","105.7834244","5257034530:0.015650266146280855 5257034528:0.0037829243586258335"
"563","5257034530","10.0371199","105.7833396","5257034531:0.0037829235013884556 5257034529:0.015650266146280855"
"564","5257034531","10.0370997","105.7833118","5257034530:0.0037829235013884556 5257034528:0.01565026649002123"
"565","5257034552","10.0339742","105.7829574","5257034553:0.02219887297053231 1038597107:0.022780585923050274"
"566","5257034553","10.0341525","105.7830486","5257034594:0.06134673714586024 5257034552:0.02219887297053231"
"567","5257034554","10.0351918","105.7837017","8952910525:0.006634049342253712 1930000727:0.001068533318823999"
"568","5257034555","10.0358296","105.7836856","1340702980:0.03406376533818632 6447977274:0.013125738869038214"
"569","5257034556","10.0361928","105.7829573","5257034558:0.020042834229699505 1038597312:0.01411780750182453"
"570","5257034557","10.0363513","105.7826422","1038596752:0.02012259721163289 5257034558:0.018843557055169217"
"571","5257034558","10.0362879","105.7828018","5257034557:0.018843557055169217 5257034556:0.020042834229699505"
"572","5257034594","10.0346279","105.7833329","6447971719:0.0036066833224132214 5257034553:0.06134673714586024"
"573","5257034602","10.0344853","105.7863021","1043957686:0.01603046052487452 1043957269:0.06564352782876891"
"574","5257034603","10.0368029","105.7852559","9287375691:0.003706123122720997 5576597721:0.13679103059160913"
"575","5257034604","10.0372684","105.7857475","1038596893:0.10466506372856943 5481540821:0.0579933644720328 5253394651:0.040018364990777"
"576","5257034605","10.0357609","105.7839964","5576597721:0.043328547503965635 1038596465:0.005940174314145362"
"577","5257294952","10.0368368","105.7833703","5257294953:0.0038513059907082843 5257294955:0.009133592818216737"
"578","5257294953","10.0368552","105.7834001","5257294954:0.009133592671801695 5257294952:0.0038513059907082843"
"579","5257294954","10.0369248","105.7833558","5257294955:0.0038513053963670904 5257294953:0.009133592671801695"
"580","5257294955","10.0369064","105.7833260","5257294954:0.0038513053963670904 5257294952:0.009133592818216737"
"581","5257295428","10.0339926","105.7844735","5257295429:0.005393252589999766 5257295431:0.013709106198517214"
"582","5257295429","10.0340276","105.7845076","5257295430:0.013724704393394422 5257295428:0.005393252589999766"
"583","5257295430","10.0341130","105.7844171","5257295431:0.005393718119465237 5257295429:0.013724704393394422"
"584","5257295431","10.0340779","105.7843831","5257295430:0.005393718119465237 5257295428:0.013709106198517214"
"585","5257295432","10.0337711","105.7839210","5257295433:0.006951999466022738 5257295435:0.02212763684217579"
"586","5257295433","10.0338144","105.7839668","5257295434:0.022127635426095516 5257295432:0.006951999466022738"
"587","5257295434","10.0339581","105.7838270","5257295435:0.006951997860590568 5257295433:0.022127635426095516"
"588","5257295435","10.0339148","105.7837812","5257295434:0.006951997860590568 5257295432:0.02212763684217579"
"589","5257295484","10.0333593","105.7862162","5257295485:0.01854389842469758 5257295487:0.034705163554521384"
"590","5257295485","10.0333390","105.7863843","5257295486:0.03471620077102727 5257295484:0.01854389842469758"
"591","5257295486","10.0336489","105.7864228","5257295487:0.01854253070695126 5257295485:0.03471620077102727"
"592","5257295487","10.0336691","105.7862547","5257295486:0.01854253070695126 5257295484:0.034705163554521384"
"593","5257347028","10.0352087","105.7834440","5257347029:0.004883445403528357 5257347031:0.013691416273037034"
"594","5257347029","10.0352448","105.7834694","5257347030:0.013691415241274011 5257347028:0.004883445403528357"
"595","5257347030","10.0353149","105.7833666","5257347031:0.004883445060607409 5257347029:0.013691415241274011"
"596","5257347031","10.0352788","105.7833412","5257347030:0.004883445060607409 5257347028:0.013691416273037034"
"597","5257347032","10.0353957","105.7830791","1340702980:0.07080168847002659 8834308844:0.07702323401449836"
"598","5257347059","10.0364769","105.7863296","5257347060:0.012882043424021756 5257347062:0.03533312630348821"
"599","5257347060","10.0363915","105.7864091","5257347061:0.03533313136383349 5257347059:0.012882043424021756"
"600","5257347061","10.0361767","105.7861713","5257347062:0.01288204732775174 5257347060:0.03533313136383349"
"601","5257347062","10.0362621","105.7860918","5257347061:0.01288204732775174 5257347059:0.03533312630348821"
"602","5257347063","10.0351830","105.7860035","5311341324:0.021284054581693454 1043956960:0.0027698685975704796 1043956935:0.035306891426859506"
"603","5257347064","10.0353198","105.7857539","5257347067:0.02469083190850904 5257347065:0.007550465687886191 5257347067:0.02469083190850904 5257347065:0.007550465687886191"
"604","5257347065","10.0352589","105.7857234","5257347064:0.007550465687886191 5257347066:0.024690835646181384 5257347064:0.007550465687886191 5257347066:0.024690835646181384"
"605","5257347066","10.0353570","105.7855211","5257347065:0.024690835646181384 5257347067:0.00755046524052214 5257347065:0.024690835646181384 5257347067:0.00755046524052214"
"606","5257347067","10.0354179","105.7855516","5257347064:0.02469083190850904 5257347066:0.00755046524052214 5257347064:0.02469083190850904 5257347066:0.00755046524052214"
"607","5257347072","10.0358025","105.7850255","5257347073:0.011783694207974992 5257347075:0.030423328926685197 5257347073:0.011783694207974992 5257347075:0.030423328926685197"
"608","5257347073","10.0358685","105.7851097","5257347074:0.03042332652251817 5257347072:0.011783694207974992 5257347074:0.03042332652251817 5257347072:0.011783694207974992"
"609","5257347074","10.0360826","105.7849367","5257347075:0.01178368943805159 5257347073:0.03042332652251817 5257347073:0.03042332652251817 5257347075:0.01178368943805159"
"610","5257347075","10.0360166","105.7848525","5257347074:0.01178368943805159 5257347072:0.030423328926685197 5257347072:0.030423328926685197 5257347074:0.01178368943805159"
"611","5257347076","10.0361952","105.7863993","5257347077:0.010404843618235045 5257347079:0.020811834563869525"
"612","5257347077","10.0361248","105.7864619","5257347078:0.02082007599848794 5257347076:0.010404843618235045"
"613","5257347078","10.0360015","105.7863188","5257347079:0.0103976356150604 5257347077:0.02082007599848794"
"614","5257347079","10.0360719","105.7862563","5257347078:0.0103976356150604 5257347076:0.020811834563869525"
"615","5257347080","10.0378880","105.7843248","4555823436:0.011966388108865274 6448034990:0.002766906675606166"
"616","5257347089","10.0367952","105.7863070","5257347090:0.007137045059845327"
"617","5257347090","10.0367483","105.7863515","5257347091:0.01018045097314929 5257347089:0.007137045059845327"
"618","5257347091","10.0368197","105.7864097","5257347092:0.007378427884368257 5257347090:0.01018045097314929"
"619","5257347092","10.0368613","105.7863572","1797775258:0.017288481060633177 5257347091:0.007378427884368257"
"620","5257352429","10.0340934","105.7831669","5257352430:0.008016797010096414 5257352432:0.013483798783180925"
"621","5257352430","10.0340591","105.7832313","5257352431:0.013483799107704282 5257352429:0.008016797010096414"
"622","5257352431","10.0341657","105.7832900","5257352432:0.008016794968283194 5257352430:0.013483799107704282"
"623","5257352432","10.0342000","105.7832256","5257352431:0.008016794968283194 5257352429:0.013483798783180925"
"624","5257352449","10.0356128","105.7834919","5257352450:0.007753738704749064 5257352452:0.018128409475256076"
"625","5257352450","10.0355838","105.7835563","5257352451:0.018113739525886227 5257352449:0.007753738704749064"
"626","5257352451","10.0357319","105.7836252","5257352452:0.00774841652837106 5257352450:0.018113739525886227"
"627","5257352452","10.0357610","105.7835609","5257352451:0.00774841652837106 5257352449:0.018128409475256076"
"628","5257352465","10.0339175","105.7831825","5257352466:0.01144698921253593 5257352468:0.013034588949030052"
"629","5257352466","10.0338779","105.7832790","5257352467:0.013034589184791945 5257352465:0.01144698921253593"
"630","5257352467","10.0339861","105.7833248","5257352468:0.011446985953710642 5257352466:0.013034589184791945"
"631","5257352468","10.0340257","105.7832283","5257352467:0.011446985953710642 5257352465:0.013034588949030052"
"632","5257352469","10.0343293","105.7841341","5257352472:0.011832180180051699 5257352470:0.00912606457312085"
"633","5257352470","10.0342606","105.7840885","5257352469:0.00912606457312085 5257352471:0.011832181935559908"
"634","5257352471","10.0343189","105.7839981","5257352470:0.011832181935559908 5257352472:0.009126064080444448"
"635","5257352472","10.0343876","105.7840437","5257352469:0.011832180180051699 5257352471:0.009126064080444448"
"636","5257352473","10.0345603","105.7841294","5257352474:0.01747738527285109 5257352476:0.007778007760074651"
"637","5257352474","10.0344889","105.7842716","5257352475:0.007782947038413496 5257352473:0.01747738527285109"
"638","5257352475","10.0345513","105.7843038","5257352476:0.017462577666629925 5257352474:0.007782947038413496"
"639","5257352476","10.0346226","105.7841617","5257352475:0.017462577666629925 5257352473:0.007778007760074651"
"640","5257352477","10.0347044","105.7848597","5257352480:0.01564279831806836 5257352478:0.005611670641114869"
"641","5257352478","10.0346700","105.7848222","5257352477:0.005611670641114869 5257352479:0.01565839785518663"
"642","5257352479","10.0347732","105.7847249","5257352478:0.01565839785518663 5257352480:0.005612123531172786"
"643","5257352480","10.0348075","105.7847625","5257352477:0.01564279831806836 5257352479:0.005612123531172786"
"644","5257352481","10.0354702","105.7836042","5257352484:0.012442993847090848 5257352482:0.006200634610682444"
"645","5257352482","10.0354226","105.7835747","5257352481:0.006200634610682444 5257352483:0.01244879193061046"
"646","5257352483","10.0354810","105.7834777","5257352482:0.01244879193061046 5257352484:0.006191145387473183"
"647","5257352484","10.0355285","105.7835072","5257352481:0.012442993847090848 5257352483:0.006191145387473183"
"648","5257352485","10.0352412","105.7834744","5257352488:0.014231495740010683 5257352486:0.0049977689693237745"
"649","5257352486","10.0352015","105.7834530","5257352485:0.0049977689693237745 5257352487:0.01424639057114191"
"650","5257352487","10.0352618","105.7833382","5257352486:0.01424639057114191 5257352488:0.004993102832834762"
"651","5257352488","10.0353014","105.7833597","5257352485:0.014231495740010683 5257352487:0.004993102832834762"
"652","5257352489","10.0349944","105.7835087","5257352492:0.014274832736076633 5257352490:0.005053478762741147"
"653","5257352490","10.0349574","105.7834819","5257352489:0.005053478762741147 5257352491:0.014274833816480224"
"654","5257352491","10.0350320","105.7833758","5257352490:0.014274833816480224 5257352492:0.005053478370148141"
"655","5257352492","10.0350690","105.7834026","5257352489:0.014274832736076633 5257352491:0.005053478370148141"
"656","5257352493","10.0353633","105.7837483","5257352496:0.016777145608949884 5257352494:0.007906046261856847"
"657","5257352494","10.0353026","105.7837107","5257352493:0.007906046261856847 5257352495:0.01465904825130962"
"658","5257352495","10.0353701","105.7835957","5257352494:0.01465904825130962 5257352496:0.008270319243779415"
"659","5257352496","10.0354414","105.7836172","5257352493:0.016777145608949884 5257352495:0.008270319243779415"
"660","5257352497","10.0357010","105.7833733","5257352498:0.009333436814041104 5257352500:0.015023470365071156"
"661","5257352498","10.0356667","105.7834511","5257352499:0.01502347063114644 5257352497:0.009333436814041104"
"662","5257352499","10.0357900","105.7835072","5257352500:0.00933343385305954 5257352498:0.01502347063114644"
"663","5257352500","10.0358243","105.7834294","5257352499:0.00933343385305954 5257352497:0.015023470365071156"
"664","5257352501","10.0356247","105.7838699","5257352504:0.020756921066330508 5257352502:0.008541560658890444"
"665","5257352502","10.0355560","105.7838350","5257352501:0.008541560658890444 5257352503:0.020752101986781808"
"666","5257352503","10.0356395","105.7836655","5257352502:0.020752101986781808 5257352504:0.008526718402830466"
"667","5257352504","10.0357081","105.7837003","5257352501:0.020756921066330508 5257352503:0.008526718402830466"
"668","5257352509","10.0341200","105.7839153","5257352514:0.01924279068243886 5257352516:0.015756725066657585"
"669","5257352510","10.0341631","105.7838760","5257352517:0.015897061768704382 5257352511:1.0923873583481596E-4"
"670","5257352511","10.0341638","105.7838753","5257352510:1.0923873583481596E-4 5257352515:0.005302804280308948"
"671","5257352512","10.0342114","105.7839290","5257352515:0.0026083900075272574 5257352513:0.025801055091380726"
"672","5257352513","10.0340389","105.7840866","5257352512:0.025801055091380726 5257352514:0.007903761370159664"
"673","5257352514","10.0339914","105.7840329","5257352513:0.007903761370159664 5257352509:0.01924279068243886"
"674","5257352515","10.0341957","105.7839113","5257352511:0.005302804280308948 5257352512:0.0026083900075272574"
"675","5257352516","10.0340231","105.7838103","5257352509:0.015756725066657585 5257352517:0.006433778697294087"
"676","5257352517","10.0340653","105.7837701","5257352510:0.015897061768704382 5257352516:0.006433778697294087"
"677","5257352518","10.0343611","105.7848939","5257353021:0.020355665195746914 5257352519:0.004564182697690861"
"678","5257352519","10.0343321","105.7848644","5257352518:0.004564182697690861 5257352520:0.020347801617746755"
"679","5257352520","10.0344615","105.7847330","5257352519:0.020347801617746755 5257353021:0.004572044619904813"
"680","5257353021","10.0344906","105.7847625","5257352518:0.020355665195746914 5257352520:0.004572044619904813"
"681","5257353022","10.0350496","105.7840986","5257353023:0.00761491301213 5257353025:0.01684087646909402"
"682","5257353023","10.0350180","105.7841603","5257353024:0.016831017506506694 5257353022:0.00761491301213"
"683","5257353024","10.0351522","105.7842314","5257353025:0.0076200477955160415 5257353023:0.016831017506506694"
"684","5257353025","10.0351839","105.7841697","5257353024:0.0076200477955160415 5257353022:0.01684087646909402"
"685","5257353026","10.0355193","105.7832337","5257353027:0.020095181378750136 5257353029:0.009056966635478813"
"686","5257353027","10.0354374","105.7833973","5257353028:0.009066879650625337 5257353026:0.020095181378750136"
"687","5257353028","10.0355101","105.7834348","5257353029:0.02009014103482177 5257353027:0.009066879650625337"
"688","5257353029","10.0355919","105.7832712","5257353028:0.02009014103482177 5257353026:0.009056966635478813"
"689","5257353030","10.0349444","105.7831753","5257353031:0.01249657897776354 5257353033:0.005796752439444636"
"690","5257353031","10.0348890","105.7832746","5257353032:0.005791341787766566 5257353030:0.01249657897776354"
"691","5257353032","10.0349343","105.7833007","5257353033:0.012487052231704697 5257353031:0.005791341787766566"
"692","5257353033","10.0349897","105.7832015","5257353032:0.012487052231704697 5257353030:0.005796752439444636"
"693","5257353034","10.0357269","105.7860162","5257353037:0.017788117085127314 5257353035:0.040572156904172985"
"694","5257353035","10.0360015","105.7857722","5257353034:0.040572156904172985 5257353036:0.01778719187209787"
"695","5257353036","10.0361069","105.7858944","5257353035:0.01778719187209787 5257353037:0.040587729640699025"
"696","5257353037","10.0358322","105.7861385","5257353034:0.017788117085127314 5257353036:0.040587729640699025"
"697","5257353038","10.0354311","105.7861563","5257353041:0.026986206394328683 5257353039:0.018318777011226202"
"698","5257353039","10.0353242","105.7860290","5257353038:0.018318777011226202 5257353040:0.026979103292288344"
"699","5257353040","10.0355088","105.7858691","5257353039:0.026979103292288344 5257353041:0.01831044110081988"
"700","5257353041","10.0356157","105.7859963","5257353038:0.026986206394328683 5257353040:0.01831044110081988"
"701","5257353042","10.0355241","105.7852929","5257353046:0.016974183513058648 5257353045:0.025000622570243304"
"702","5257353043","10.0354732","105.7852628","5257353044:0.025427934247481916 5257353047:1.2394162576183888E-4"
"703","5257353044","10.0353711","105.7854706","5257353045:0.006533905757094548 5257353043:0.025427934247481916"
"704","5257353045","10.0354237","105.7854972","5257353044:0.006533905757094548 5257353042:0.025000622570243304"
"705","5257353046","10.0356607","105.7853621","5257353049:0.009798831541150594 5257353042:0.016974183513058648"
"706","5257353047","10.0354722","105.7852623","5257353043:1.2394162576183888E-4 5257353048:0.009386288203748507"
"707","5257353048","10.0355099","105.7851856","5257353047:0.009386288203748507 5257353049:0.02362696597120983"
"708","5257353049","10.0357000","105.7852820","5257353048:0.02362696597120983 5257353046:0.009798831541150594"
"709","5257353050","10.0355822","105.7850501","5257353051:0.012765489336499203 5257353053:0.021603974587919048"
"710","5257353051","10.0355373","105.7851574","5257353052:0.021603975046586833 5257353050:0.012765489336499203"
"711","5257353052","10.0357161","105.7852346","5257353053:0.012765483365038884 5257353051:0.021603975046586833"
"712","5257353053","10.0357610","105.7851273","5257353052:0.012765483365038884 5257353050:0.021603974587919048"
"713","5261381553","10.036663","105.786331","1797775258:0.013192311141750004 948325274:0.009710769627769796"
"714","5261381554","10.0373840","105.7840616","1815464690:0.05053667255066074 1815464688:0.042448004499290086"
"715","5261397451","10.0361002","105.7877766","1043717329:0.009813374979423226 1043718107:0.011009266287749233"
"716","5261400454","10.034419","105.785621","5253632066:0.020512517532297624 5608878212:0.01111687466260552"
"717","5261415326","10.03448","105.786566","5479208859:0.02979122671425729 951963114:0.02938530091529011"
"718","5262128958","10.035547","105.784328","1038596465:0.044501915334283854 6543905528:0.06459179550061814"
"719","5270021221","10.03461","105.785855","8835197218:0.062480568625413735 8835197217:0.003855550757776603"
"720","5311296925","10.035342","105.786365","1038748115:0.08363713009938767 1038747963:0.016360566789282986"
"721","5311296926","10.036088","105.786826","5342181921:0.006558567366658336 1772465762:0.01186369150927753"
"722","5311341324","10.03533","105.785879","5257347063:0.021284054581693454 1043957229:0.0736019128565129"
"723","5340053259","10.0318449","105.7824189","9311863029:0.604297848628213"
"724","5342181921","10.036131","105.786785","5256955607:0.015925465907811416 5311296926:0.006558567366658336"
"725","5442006923","10.033918","105.786008","951963338:0.10527821125151707 5253678442:1.560553947293512E-4"
"726","5450264172","10.0363480","105.7873111","8670906747:0.004036548312823739 1814611840:0.003657230175271462 1039976852:0.030186611541836373"
"727","5450264173","10.0362291","105.7871774","1775736285:0.00420253247851668 5450264174:0.004197548874246384"
"728","5450264174","10.0362666","105.7871818","1775736292:0.003662106980485904 5450264173:0.004197548874246384 1772465762:0.04208047032955797"
"729","5450264175","10.0361216","105.7872868","8670906748:0.005866350501928305 1775736278:0.002321500420627358 1777869114:0.03502006417317117 540801454:0.02871858858207851"
"730","5450264176","10.0342206","105.7849346","1043957471:0.002250207901611366 1043957297:0.0018145578476180888 1038747890:0.01671154289372401"
"731","5450264177","10.0329655","105.7834955","1038748302:0.028294836115431467 5253652533:0.04867589830602659"
"732","5457693221","10.036615","105.785475","5253612423:0.008898895965884043 1038597145:0.01907879986113334"
"733","5479208859","10.0345815","105.7863142","1778802352:0.005152325565869289 5261415326:0.02979122671425729"
"734","5481540821","10.03689","105.786112","5257034604:0.0579933644720328 1797775258:0.021623112206056175"
"735","5576597721","10.036012","105.784299","5257034603:0.13679103059160913 5257034605:0.043328547503965635"
"736","5595948426","10.034066","105.785164","5256976681:0.0045874427560671765 1038747890:0.014293401436084088"
"737","5608878212","10.034483","105.785699","5261400454:0.01111687466260552 8835197218:0.0403178598593723"
"738","5611338922","10.034489","105.78813","946524799:0.005726382972365841 6543870314:0.004751505156415928"
"739","5744397026","10.035507","105.788526","1778886495:0.012730476043745838 948325211:0.031158034370589022"
"740","6190703100","10.0332801","105.7884136","1797765259:0.11054932846118526 1797765255:0.05301929874396185"
"741","6278214586","10.034774","105.783428","1930000727:0.054217444327201644 6447971719:0.015689910740023613"
"742","6380179287","10.033942","105.788495","3707968626:0.0023795826826183237 3482849199:0.02037468454519651"
"743","6417551192","10.0373776","105.7845585","6417551193:0.20559874504503978 6417551195:0.08626289876850704"
"744","6417551193","10.0361506","105.7831538","6417551192:0.20559874504503978 6417551194:0.09255850600477908"
"745","6417551194","10.0357931","105.7839172","6417551193:0.09255850600477908 6417551195:0.17024340833668689"
"746","6417551195","10.0368020","105.7850867","6417551194:0.17024340833668689 6417551192:0.08626289876850704"
"747","6417563375","10.0369785","105.7844263","6417563376:0.02561121974322808 6417563378:0.015225096884031744"
"748","6417563376","10.0371321","105.7846006","6417563375:0.02561121974322808 6417563377:0.015529018536424948"
"749","6417563377","10.0370304","105.7846978","6417563376:0.015529018536424948 6417563378:0.025635310579743567"
"750","6417563378","10.0368787","105.7845215","6417563377:0.025635310579743567 6417563375:0.015225096884031744"
"751","6417568621","10.0357653","105.7840880","6417568622:0.08046274655629637 6417568624:0.0931976046187954"
"752","6417568622","10.0362472","105.7846362","6417568621:0.08046274655629637 9399347077:0.019315160911685995"
"753","6417568623","10.0357521","105.7850320","9399347077:0.05074859583080185 6417568624:0.049107815191907316 9399347076:0.006496718481316986 9399347077:0.05074859583080185"
"754","6417568624","10.0353571","105.7848314","6417568623:0.049107815191907316 6417568621:0.0931976046187954"
"755","6427204310","10.0334542","105.7832856","6427204311:0.015987022561524344"
"756","6427204311","10.0335701","105.7833720","6427204310:0.015987022561524344 6427204312:0.005401444206902334"
"757","6427204312","10.0336031","105.7834082","6427204311:0.005401444206902334 6427204313:0.012358130849754208"
"758","6427204313","10.0336810","105.7834887","6427204312:0.012358130849754208 6427204314:0.008078698366284205"
"759","6427204314","10.0337391","105.7835330","6427204313:0.008078698366284205"
"760","6447971719","10.034655","105.783351","6278214586:0.015689910740023613 5257034594:0.0036066833224132214"
"761","6447977274","10.035786","105.783797","5257034555:0.013125738869038214 1038596465:0.019449419408256396"
"762","6448001290","10.0363181","105.7832843","6546347123:0.022062973321240624 1038597312:0.03292512266149598 6448001291:0.006494281231543178"
"763","6448001291","10.0363704","105.7832579","6448001290:0.006494281231543178 6448001292:0.011992439351118302"
"764","6448001292","10.0364698","105.7832154","6448001291:0.011992439351118302"
"765","6448028997","10.0384163","105.7838418","6448034990:0.07627557041205398 6541773802:0.14181170081968986"
"766","6448034990","10.0379065","105.7843079","5257347080:0.002766906675606166 6448028997:0.07627557041205398"
"767","6541773802","10.0393641","105.7829752","6448028997:0.14181170081968986"
"768","6543858865","10.034841","105.788617","6543883130:0.017131214536811566 4561364891:0.011028038383085368"
"769","6543858866","10.03489","105.788032","5251604551:0.013768348788831847 345574919:0.014388059129778726"
"770","6543858867","10.034887","105.788469","4561364891:0.005965170472457732 6543858868:0.006658581232758358"
"771","6543858868","10.034905","105.788411","6543858867:0.006658581232758358 5251604554:0.0037111610676843353"
"772","6543858869","10.035358","105.788149","540801444:0.00325203565785791 6543858870:0.023813325244844766"
"773","6543858870","10.035545","105.788255","6543858869:0.023813325244844766 345574925:0.019872039246768874"
"774","6543870311","10.033853","105.787962","345574916:0.022521123062284428 951963225:0.02288873687177303"
"775","6543870312","10.03421","105.787851","951963101:0.018997263712198044 5251604553:0.022553588346772006"
"776","6543870313","10.0345","105.78793","5251604553:0.010833077972209976 540817541:0.006185124800824472"
"777","6543870314","10.034475","105.788171","5611338922:0.004751505156415928 6543886693:0.008809447172563495"
"778","6543883130","10.034794","105.788766","948325328:0.020682339457395692 6543858865:0.017131214536811566"
"779","6543886693","10.034449","105.788247","6543870314:0.008809447172563495 6543886694:0.011170639361447667"
"780","6543886694","10.034415","105.788343","6543886693:0.011170639361447667 1924771927:0.018695983330361578"
"781","6543905528","10.035296","105.78486","5262128958:0.06459179550061814 1778886592:0.08713843256421902"
"782","6543919001","10.0352632","105.7850740"," "
"783","6546331346","10.036782","105.783802","6546331347:0.009835373000594156 6546347123:0.05457909035472148"
"784","6546331347","10.036842","105.783868","6546349408:0.011792223295154005 6546331346:0.009835373000594156"
"785","6546347123","10.036452","105.783433","6546331346:0.05457909035472148 6448001290:0.022062973321240624"
"786","6546349408","10.036913","105.783948","1038747272:0.10480965047450601 6546331347:0.011792223295154005"
"787","6711879790","10.034137","105.788598","951963412:0.016161419398363863"
"788","7075362615","10.0323248","105.7830136","5253652534:0.012452160773841639 1038747475:0.08770339805933267"
"789","7149121520","10.035845","105.787327","1038596644:0.01207441333047394 540801454:0.010048117832180818"
"790","8323461666","10.0339966","105.7870678","8323461667:0.021096160657623417 8323461669:0.021248102943108266"
"791","8323461667","10.0339808","105.7872598","8323461666:0.021096160657623417 8323461668:0.022044728695076416"
"792","8323461668","10.0337838","105.7872372","8323461667:0.022044728695076416 8323461669:0.021167011113368512"
"793","8323461669","10.0338068","105.7870453","8323461668:0.021167011113368512 8323461666:0.021248102943108266"
"794","8670906747","10.0363369","105.7873462","1775736294:0.0040295852773809 5450264172:0.004036548312823739"
"795","8670906748","10.0361358","105.7872352","1775736283:0.004196972402438392 5450264175:0.005866350501928305"
"796","8671094383","10.0362851","105.7878292","948325197:0.03357835925453321 4374993693:0.051023815162260074 1814611842:0.04621513306531762"
"797","8671831125","10.0335556","105.7882822","1043858740:0.013975747167671162 419940515:0.04116013526142611"
"798","8834308844","10.0347966","105.7827260","5257347032:0.07702323401449836 1340702935:0.006707473467903445"
"799","8835197217","10.0346319","105.7858823","5270021221:0.003855550757776603"
"800","8835197218","10.0342515","105.7854156","5608878212:0.0403178598593723 5270021221:0.062480568625413735"
"801","8835197219","10.0341987","105.7853928","8835197220:0.005818297849505956 5253632066:0.014642180424757052"
"802","8835197220","10.0341472","105.7853834","4985331022:0.05880368201644428 8835197219:0.005818297849505956"
"803","8835197221","10.0340111","105.7854246","5256976682:0.05103436011890889 1043957303:0.004401528858494039 4985331022:0.06800826608131695"
"804","8839176266","10.0369785","105.7890366","8839176267:0.041018841597999865"
"805","8839176267","10.0367237","105.7887657","8839176268:0.00985569811745283 8839176266:0.041018841597999865"
"806","8839176268","10.0366814","105.7886866","8839176269:0.011039610987604438 8839176267:0.00985569811745283"
"807","8839176269","10.0366642","105.7885873","8839176270:0.010790938097619397 8839176268:0.011039610987604438"
"808","8839176270","10.0366893","105.7884921","8839176271:0.014184985987710997 8839176269:0.010790938097619397"
"809","8839176271","10.0367039","105.7883634","8839176272:0.012475844096366321 8839176270:0.014184985987710997"
"810","8839176272","10.0366444","105.7882668","8839176273:0.011704731663211818 8839176271:0.012475844096366321"
"811","8839176273","10.0366088","105.7881662","8839176274:0.00998683207973959 8839176272:0.011704731663211818"
"812","8839176274","10.0366101","105.7880750","8839176275:0.01271231460515398 8839176273:0.00998683207973959"
"813","8839176275","10.0366695","105.7879758","8839176276:0.009478106452758315 8839176274:0.01271231460515398"
"814","8839176276","10.0366880","105.7878913","8839176277:0.007495352744084114 8839176275:0.009478106452758315"
"815","8839176277","10.0366907","105.7878229","8839176278:0.02903703525457118 8839176276:0.007495352744084114"
"816","8839176278","10.0365271","105.7876162","345574893:0.028112435065185022 948325197:0.0020316167961939116 8839176277:0.02903703525457118"
"817","8952910522","10.0347613","105.7845359","8952910523:0.02293691602290335"
"818","8952910523","10.0348471","105.7843454","8952910524:0.026146549286544845 8952910522:0.02293691602290335"
"819","8952910524","10.0349739","105.7841443","8952910525:0.05467007310682267 8952910523:0.026146549286544845"
"820","8952910525","10.0352455","105.7837281","1038596465:0.05862531592509836 5257034554:0.006634049342253712 8952910524:0.05467007310682267"
"821","9287375691","10.0368260","105.7852803","1038597145:0.012632912447330957 1038747272:0.10546864238087228 5253394651:0.030951830494701793 5257034603:0.003706123122720997"
"822","9311863028","10.0413061","105.7811453","9311863029:0.8712811812264235"
"823","9311863029","10.0355070","105.7864967","5340053259:0.604297848628213 9311863028:0.8712811812264235"
"824","9399347072","10.0355309","105.7858064","9399347073:0.030361003631917766 9399347081:0.028549710825890792"
"825","9399347073","10.0353276","105.7859915","9399347072:0.030361003631917766 9399347074:0.021438967594845197"
"826","9399347074","10.0352008","105.7858440","9399347073:0.021438967594845197 9399347075:0.09909695719208281"
"827","9399347075","10.0355705","105.7850205","9399347074:0.09909695719208281 9399347076:0.019371907018129454"
"828","9399347076","10.0357317","105.7850876","9399347075:0.019371907018129454 6417568623:0.006496718481316986"
"829","9399347077","10.0361107","105.7847453","6417568622:0.019315160911685995 6417568623:0.05074859583080185 6417568623:0.05074859583080185 9399347078:0.06486591675323457"
"830","9399347078","10.0364844","105.7852002","9399347077:0.06486591675323457 9399347079:0.07731652297387251"
"831","9399347079","10.0359535","105.7856562","9399347078:0.07731652297387251 9399347080:0.010831258752117223"
"832","9399347080","10.0360169","105.7857313","9399347079:0.010831258752117223 9399347081:0.04580662539500931"
"833","9399347081","10.0357019","105.7860009","9399347080:0.04580662539500931 9399347072:0.028549710825890792"
