"0","411919193","10.7768018","106.6999227","7501051053:0.054353998905293355"
"1","411919215","10.7756638","106.7004291","6789206001:0.017605143505219006"
"2","411919545","10.7752637","106.7039506","3335337345:0.053763133077337405 411919580:0.058510842125859455"
"3","411919580","10.7749051","106.7043426","411919545:0.058510842125859455 5735791227:0.049935511564953496"
"4","411921534","10.7803853","106.7032908","7273856285:0.11006818146713893 411925945:0.215575202556781"
"5","411925937","10.7736801","106.7056516","10700203391:0.011105520467149875 10700203388:0.01056564445279324"
"6","411925945","10.7818334","106.7046030","411921534:0.215575202556781 7529106530:0.09098973483953453"
"7","411925956","10.7813641","106.7053533","7529106440:0.03268157676896147 3451232672:0.02543273865869103"
"8","411926031","10.7742396","106.7050605","11140371367:0.002072945722411726 10700203391:0.07855873622430917"
"9","411926037","10.7816373","106.7055906","7529106440:0.007257584944338978"
"10","411926157","10.7772338","106.7017981","11135427924:0.03861331731159533 7500135650:0.010468769101358973 7500135648:0.007228559880298354 7500135649:0.008502059428982186"
"11","411926378","10.7773934","106.7041193","411926702:0.03575937493763593"
"12","411926380","10.7779416","106.7010248","7501051052:0.0897908243410817 5832350885:0.018782434063660716 5796368453:0.035559754693781295 5599905922:0.03358250993150347"
"13","411926498","10.7792329","106.7035889","411926596:0.07568649548873962 5743072756:0.01618263875008462"
"14","411926594","10.7791968","106.7021750","3166179577:0.07452503278840385 1969579887:0.04447969681624059 7529106274:0.07287727152741075 6235215186:0.01004386393726405"
"15","411926596","10.7797806","106.7040003","7529106315:0.03612678916250437 411926498:0.07568649548873962"
"16","411926624","10.7801873","106.7010602","3166179577:0.08969896437333806"
"17","411926701","10.7784905","106.7029619","5068708024:0.03326334574429916 5742670251:0.06785726471087017 6938157974:0.04634858510245493 7330908685:0.03394724319464854"
"18","411926702","10.7776192","106.7038862","10828987444:0.00960855391406233 411926378:0.03575937493763593 10828987446:0.023072379597099367"
"19","412073673","10.7770573","106.7030337","7498869235:0.008563429188258136 2907818491:0.04807135716947818"
"20","474685642","10.7780788","106.7029766","474685647:0.003959930961446775 474685667:0.0013440792728128227"
"21","474685647","10.7781060","106.7030000","474685724:0.012187558098089272 474685642:0.003959930961446775"
"22","474685657","10.7777673","106.7027222","474685667:0.044393180222524226 474685781:0.0013202271424129744"
"23","474685667","10.7780710","106.7029860","474685642:0.0013440792728128227 474685657:0.044393180222524226"
"24","474685668","10.7781590","106.7028830","474685730:0.0013192143174619734 474685746:0.04443273159708701"
"25","474685724","10.7781770","106.7029150","474685730:0.0038062309987048236 474685647:0.012187558098089272"
"26","474685730","10.7781512","106.7028921","474685668:0.0013192143174619734 474685724:0.0038062309987048236"
"27","474685746","10.7778550","106.7026190","474685798:0.0013347568419551645 474685668:0.04443273159708701"
"28","474685778","10.7777490","106.7026900","474685781:0.0038301792416280114 474685799:0.012259888791749562"
"29","474685781","10.7777750","106.7027130","474685657:0.0013202271424129744 474685778:0.0038301792416280114"
"30","474685798","10.7778471","106.7026282","474685799:0.0038529130765848686 474685746:0.0013347568419551645"
"31","474685799","10.7778210","106.7026050","474685778:0.012259888791749562 474685798:0.0038529130765848686"
"32","729602786","10.777473","106.702037","5742670248:0.018027721916749003 4242297690:0.002182216922301337"
"33","1769268554","10.7771431","106.7020018","1769268555:0.032674406128093074 1969392558:0.009137971393037727 1969392555:0.0064627978952403065 1969392558:0.009137971393037727"
"34","1769268555","10.7769454","106.7022231","1985346103:0.07648932188091168 1769268554:0.032674406128093074"
"35","1769268556","10.7772932","106.7019549","1769268560:0.0040622744329950325 1969392560:0.013771249208617631 1769268560:0.0040622744329950325 1969392560:0.013771249208617631"
"36","1769268557","10.7776021","106.7028480","1769268558:0.04806189249803979 1985346103:0.023468715529381536"
"37","1769268558","10.7778940","106.7025235","1769268557:0.04806189249803979 1969392560:0.07744858670759769"
"38","1769268560","10.7772624","106.7019349","1969392565:0.003599856271508701 1769268556:0.0040622744329950325 1969392565:0.003599856271508701 1769268556:0.0040622744329950325"
"39","1769277421","10.7760265","106.7031172","1769277475:0.022426566395004913 3335337345:0.07066299122740434"
"40","1769277433","10.7763859","106.7027254","2907818499:0.00920811388715153 2907818498:0.028279090330004676"
"41","1769277472","10.7765708","106.7012198","7498869315:0.008482340431331288 2043347015:0.040475978105325876"
"42","1769277475","10.776164","106.702967","2907818498:0.007849800346736869 1769277475:0.0 1769277421:0.022426566395004913"
"43","1770305069","10.7769327","106.7022228","1770305081:0.05060599761649269 1770305102:0.07300596984608661"
"44","1770305081","10.7766271","106.7025661","1770305069:0.05060599761649269 1770305195:0.07313647363865489"
"45","1770305102","10.7774176","106.7026734","1770305195:0.051453297903710886 1770305069:0.07300596984608661"
"46","1770305123","10.7776121","106.7020049","1770305229:0.0975809544780491 1770305131:0.0324880495491921"
"47","1770305131","10.7773972","106.7018034","1770305123:0.0324880495491921 7500135661:0.007615014593110087"
"48","1770305185","10.7770218","106.7025853","1770305190:0.014786055039771824 1770305217:0.027423775661606836"
"49","1770305190","10.7771100","106.7024840","1770305191:0.027423772123036382 1770305185:0.014786055039771824"
"50","1770305191","10.7772945","106.7026506","1770305217:0.014786049964030228 1770305190:0.027423772123036382"
"51","1770305195","10.7771077","106.7030232","1770305081:0.07313647363865489 1770305102:0.051453297903710886"
"52","1770305217","10.7772063","106.7027519","1770305191:0.014786049964030228 1770305185:0.027423775661606836"
"53","1770305229","10.7781984","106.7013402","1770305123:0.0975809544780491 7500135662:0.029029599482410347"
"54","1770305234","10.7779183","106.7011571","7500135661:0.08588525246501631 7500135662:0.009417748915115003"
"55","1969392542","10.7781835","106.7024742","1969392543:0.021558860272718628 11280902058:0.006393327258151965"
"56","1969392543","10.7783263","106.7026077","11280902059:0.006385286114588552 1969392542:0.021558860272718628"
"57","1969392544","10.7783467","106.7022935","11280902058:0.02041936462184279 1969392545:0.02155066645404301 1969392545:0.02155066645404301 11280902058:0.02041936462184279"
"58","1969392545","10.7784894","106.7024270","11280902059:0.02041987926156765 1969392544:0.02155066645404301 1969392544:0.02155066645404301 11280902059:0.02041987926156765"
"59","1969392548","10.7773193","106.7021137","1969392560:0.010942743768579179 1969392551:0.01637675036833552"
"60","1969392551","10.7772070","106.7020167","1969392548:0.01637675036833552 1969392555:0.0033590703614184785"
"61","1969392555","10.7771874","106.7020401","1969392551:0.0033590703614184785 1769268554:0.0064627978952403065"
"62","1969392558","10.7771966","106.7019383","1769268554:0.009137971393037727 1969392565:0.004118164404768078 1769268554:0.009137971393037727 1969392565:0.004118164404768078"
"63","1969392560","10.7773852","106.7020393","1769268556:0.013771249208617631 1769268558:0.07744858670759769 1969392548:0.010942743768579179 1769268556:0.013771249208617631"
"64","1969392561","10.777784","106.702141","5742670249:0.014265140078918015 6690808887:0.001328590819771459"
"65","1969392565","10.7772314","106.7019254","1969392558:0.004118164404768078 1769268560:0.003599856271508701 1969392558:0.004118164404768078 1769268560:0.003599856271508701"
"66","1969579594","10.7783254","106.7006839","1969579627:0.02523495231692864 1969579917:0.09386714128765027"
"67","1969579627","10.7784870","106.7008461","1985346133:0.007104165008221311 1969579594:0.02523495231692864"
"68","1969579705","10.7792292","106.7002847","7501050932:0.022439664041165274 7501050954:0.03434753098188417"
"69","1969579887","10.7789","106.701902","6315676087:0.010773660417904797 411926594:0.04447969681624059"
"70","1969579917","10.7789161","106.7000700","1969579594:0.09386714128765027 7501050954:0.009182858589527835"
"71","1985346078","10.7765359","106.7025605","2907818491:0.02960279342395355 2907818497:0.00441183997683398 2907818499:0.015341023388098781"
"72","1985346103","10.7774479","106.7027013","1769268557:0.023468715529381536 1769268555:0.07648932188091168"
"73","1985346133","10.7785335","106.7008015","1985346135:0.022216128594217066 1969579627:0.007104165008221311"
"74","1985346135","10.7786738","106.7009463","1985346137:0.028989733764477846 1985346133:0.022216128594217066"
"75","1985346137","10.7788499","106.7007506","1985346169:0.017686827754328224 1985346135:0.028989733764477846"
"76","1985346169","10.7789714","106.7008551","1985346175:0.026480425144656337 1985346137:0.017686827754328224"
"77","1985346175","10.7791320","106.7006761","7501050933:0.020884119841369005 1985346169:0.026480425144656337"
"78","1985346194","10.7798190","106.7032799","1985346253:0.07853028455913752 1985346232:0.05444339205619702"
"79","1985346232","10.7795001","106.7036581","1985346247:0.08111712202426745 1985346194:0.05444339205619702"
"80","1985346247","10.7789516","106.7031685","1985346253:0.054276463236538244 1985346232:0.08111712202426745"
"81","1985346253","10.7792868","106.7028073","1985346194:0.07853028455913752 1985346247:0.054276463236538244"
"82","2036083298","10.7729853","106.7064008","6747143920:0.02031007435477709"
"83","2036083316","10.7827887","106.7055177","7529106530:0.05484098348005906"
"84","2043347015","10.7762943","106.7009788","1769277472:0.040475978105325876 5743072754:0.05806557809560231"
"85","2043347017","10.7787367","106.7017527","7500135653:0.0023965852757770623 6315676087:0.013633009723330819"
"86","2286005147","10.776922","106.70214","5669405529:0.009978496279726419 2907818497:0.05846113858958934"
"87","2507629800","10.777456","106.70202","4242297690:4.6761791766726155E-4 5608880634:9.352358434298626E-4"
"88","2641786446","10.7777722","106.7010030","2641786447:0.039377223494880195 2641786453:0.01619868386538487"
"89","2641786447","10.7775298","106.7012658","2641786446:0.039377223494880195 2641786448:0.06931706404960947"
"90","2641786448","10.7770763","106.7008304","2641786447:0.06931706404960947 2641786449:0.04077934370012785"
"91","2641786449","10.7773309","106.7005617","2641786448:0.04077934370012785 2641786450:0.018934772028434434"
"92","2641786450","10.7774535","106.7006820","2641786449:0.018934772028434434 2641786451:0.022528848983334956"
"93","2641786451","10.7773129","106.7008305","2641786450:0.022528848983334956 2641786452:0.03364430878532195"
"94","2641786452","10.7775307","106.7010443","2641786451:0.03364430878532195 2641786453:0.02188198871900258"
"95","2641786453","10.7776673","106.7009001","2641786452:0.02188198871900258 2641786446:0.01619868386538487"
"96","2907818487","10.7771800","106.7034401","10828987447:0.052437635250473666 7498869242:0.023063559415142796"
"97","2907818491","10.7767357","106.7027396","412073673:0.04807135716947818 1985346078:0.02960279342395355"
"98","2907818497","10.776563","106.702531","2286005147:0.05846113858958934 2907818497:0.0 1985346078:0.00441183997683398"
"99","2907818498","10.7762121","106.7029144","1769277433:0.028279090330004676 1769277475:0.007849800346736869"
"100","2907818499","10.7764419","106.7026633","1985346078:0.015341023388098781 1769277433:0.00920811388715153"
"101","2910808008","10.7780114","106.7033112","2910808009:0.026112939610169382 2910808026:0.008515098286388946"
"102","2910808009","10.7778480","106.7034829","2910808008:0.026112939610169382 2910808010:0.009265654029491952"
"103","2910808010","10.7777795","106.7035312","2910808009:0.009265654029491952 2910808037:0.00657841404755966"
"104","2910808011","10.7776583","106.7035634","2910808037:0.00742210206943682 2910808012:0.01137567904244744"
"105","2910808012","10.7775582","106.7035419","2910808011:0.01137567904244744 2910808013:0.011704208237396888"
"106","2910808013","10.7774846","106.7036185","2910808012:0.011704208237396888 2910808014:0.013327702200644446"
"107","2910808014","10.7773989","106.7035332","2910808013:0.013327702200644446 2910808015:0.010404428959695051"
"108","2910808015","10.7774633","106.7034641","2910808014:0.010404428959695051 2910808016:0.055749509907147284"
"109","2910808016","10.7770997","106.7031127","2910808015:0.055749509907147284 2910808017:0.03494239625367342"
"110","2910808017","10.7773180","106.7028826","2910808016:0.03494239625367342 2910808018:0.016286719065798958"
"111","2910808018","10.7774252","106.7029842","2910808017:0.016286719065798958 2910808019:0.013984584235562715"
"112","2910808019","10.7773395","106.7030779","2910808018:0.013984584235562715 9586890717:0.026191584570144196"
"113","2910808020","10.7775898","106.7033193","9586890717:0.012148319528525459 2910808021:0.009189474775837533"
"114","2910808021","10.7776556","106.7033702","2910808020:0.009189474775837533 2910808022:0.00371705743382221"
"115","2910808022","10.7776873","106.7033810","2910808021:0.00371705743382221 2910808023:0.00476762889872073"
"116","2910808023","10.7777189","106.7033515","2910808022:0.00476762889872073 2910808024:0.028623176233808594"
"117","2910808024","10.7778928","106.7031583","2910808023:0.028623176233808594 2910808025:0.012727131628735264"
"118","2910808025","10.7779824","106.7032308","2910808024:0.012727131628735264 2910808026:0.004558743916161317"
"119","2910808026","10.7779534","106.7032603","2910808025:0.004558743916161317 2910808008:0.008515098286388946"
"120","2910808037","10.7777242","106.7035526","2910808010:0.00657841404755966 2910808011:0.00742210206943682"
"121","3166179576","10.778015","106.703492","3257659069:0.01881499839585313 3166179576:0.0 6938157974:0.03206385721324727"
"122","3166179577","10.779657","106.701679","411926594:0.07452503278840385 411926624:0.08969896437333806"
"123","3257659069","10.7779008","106.7036191","10828987446:0.01972628584958727 3166179576:0.01881499839585313"
"124","3335337345","10.7755933","106.7035905","1769277421:0.07066299122740434 411919545:0.053763133077337405"
"125","3451232672","10.7811895","106.7052029","411925956:0.02543273865869103 7529106402:0.016017135335629304"
"126","3486801747","10.7758544","106.7004529","3486801748:0.002541106262530502 3486801749:0.002858895108196197"
"127","3486801748","10.7758571","106.7004760","3486801770:0.07705348630599072 3486801747:0.002541106262530502"
"128","3486801749","10.7758637","106.7004285","3486801747:0.002858895108196197 3486801750:0.0019990269275341572"
"129","3486801750","10.7758771","106.7004163","3486801749:0.0019990269275341572 3486801756:0.03307802437429673"
"130","3486801751","10.7759204","106.7020525","3486801752:0.002730852645626066 3486801753:0.0035126038217376623"
"131","3486801752","10.7759204","106.7020775","4043532547:0.0070321588961594576 3486801751:0.002730852645626066"
"132","3486801753","10.7759298","106.7020218","3486801751:0.0035126038217376623 3486801781:0.09413745263071163"
"133","3486801754","10.7760956","106.7004462","3486801759:0.017140784230235937 3486801757:0.008074970702527981"
"134","3486801756","10.7761516","106.7002996","3486801750:0.03307802437429673 3486801759:0.01268931253528151"
"135","3486801757","10.7761498","106.7004954","3486801754:0.008074970702527981 3486801764:0.02618341069096741"
"136","3486801759","10.7762349","106.7003790","3486801756:0.01268931253528151 3486801754:0.017140784230235937"
"137","3486801763","10.7763086","106.7024554","3486801765:0.005481672017481904 7498869312:0.05104961873929554"
"138","3486801764","10.7763290","106.7006509","3486801757:0.02618341069096741 3486801766:0.004077690553045108"
"139","3486801765","10.7763444","106.7024899","3486801768:0.0027321699845783685 3486801763:0.005481672017481904"
"140","3486801766","10.7763528","106.7006225","3486801764:0.004077690553045108 3486801778:0.021524614924659183"
"141","3486801767","10.7763715","106.7009508","3486801775:0.013725215845224932 3486801770:0.002425530049045745"
"142","3486801768","10.7763689","106.7024880","3486801773:0.0025889898158051234 3486801765:0.0027321699845783685"
"143","3486801770","10.7763848","106.7009332","3486801767:0.002425530049045745 3486801748:0.07705348630599072"
"144","3486801773","10.7763915","106.7024823","3486801776:0.013652482452479107 3486801768:0.0025889898158051234"
"145","3486801775","10.7764646","106.7010333","3486801787:0.013438002717477956 3486801767:0.013725215845224932"
"146","3486801776","10.7764745","106.7023902","3486801780:0.003257337828976641 3486801773:0.013652482452479107"
"147","3486801778","10.7764981","106.7007527","3486801766:0.021524614924659183 3486801782:0.004611859573501039"
"148","3486801780","10.7764952","106.7024113","3486809840:0.08524382164328408 3486801776:0.003257337828976641"
"149","3486801781","10.7765103","106.7013945","3486801753:0.09413745263071163 3486801785:0.0029647477763781434"
"150","3486801782","10.7765287","106.7007242","3486801778:0.004611859573501039 3486801786:0.002982919456296352"
"151","3486801785","10.7765367","106.7013907","3486801781:0.0029647477763781434 3486801790:0.0036530408050806386"
"152","3486801786","10.7765527","106.7007120","3486801782:0.002982919456296352 3486809793:0.0027059972501107315"
"153","3486801787","10.7765559","106.7011139","3486801791:0.0025569092127084338 3486801775:0.013438002717477956"
"154","3486801790","10.7765668","106.7014041","3486801785:0.0036530408050806386 3486809823:0.034307961017891624"
"155","3486801791","10.7765706","106.7010959","3486809796:0.008062681170869843 3486801787:0.0025569092127084338"
"156","3486801792","10.7765740","106.7005065","7500135728:0.005027877388088057 3486809794:8.607312321990019E-4"
"157","3486809793","10.7765767","106.7007161","3486801786:0.0027059972501107315 3486809795:0.0026744484026132785"
"158","3486809794","10.7765789","106.7005004","3486801792:8.607312321990019E-4 7500135717:0.05714120557033103"
"159","3486809795","10.7765967","106.7007297","3486809793:0.0026744484026132785 3486809797:0.004714844451139429"
"160","3486809796","10.7766261","106.7011434","7500135738:0.02193108784842571 3486801791:0.008062681170869843"
"161","3486809797","10.7766260","106.7006985","3486809795:0.004714844451139429 3486809801:0.003989768071919535"
"162","3486809798","10.7766312","106.7007482","3486809801:0.003654172667075299 3486809799:0.0011455532761538113"
"163","3486809799","10.7766385","106.7007556","3486809798:0.0011455532761538113 3486809800:0.0011081407333087645"
"164","3486809800","10.7766445","106.7007475","3486809799:0.0011081407333087645 3486809803:0.005974736066721"
"165","3486809801","10.7766527","106.7007229","3486809797:0.003989768071919535 3486809798:0.003654172667075299"
"166","3486809803","10.7766838","106.7007848","3486809800:0.005974736066721 3486809808:0.00770023746116257"
"167","3486809805","10.7767098","106.7008208","3486809814:0.00874508793573274 3486809806:0.0013609737713279897"
"168","3486809806","10.7767191","106.7008289","3486809805:0.0013609737713279897 3486809810:0.003985579314690726"
"169","3486809807","10.7767305","106.7009666","3486809813:0.005337144528569353 3486809817:0.005665091165229224"
"170","3486809808","10.7767314","106.7007336","3486809803:0.00770023746116257 3486809814:0.004781768372788826"
"171","3486809809","10.7767425","106.7008581","3486809819:0.0047967089940298135 3486809812:0.002193214097623307"
"172","3486809810","10.7767431","106.7008018","3486809806:0.003985579314690726 3486809819:0.0038403216264068646"
"173","3486809812","10.7767571","106.7008716","3486809809:0.002193214097623307 3486809815:0.0023285220290531804"
"174","3486809813","10.7767598","106.7009279","3486809816:0.002084041442474749 3486809807:0.005337144528569353"
"175","3486809814","10.7767637","106.7007625","3486809808:0.004781768372788826 3486809805:0.00874508793573274"
"176","3486809815","10.7767651","106.7008913","3486809812:0.0023285220290531804 3486809816:0.0019989785276129913"
"177","3486809816","10.7767651","106.7009096","3486809815:0.0019989785276129913 3486809813:0.002084041442474749"
"178","3486809817","10.7767688","106.7010008","3486809807:0.005665091165229224 3486809820:0.001515973060331262"
"179","3486809819","10.7767698","106.7008241","3486809810:0.0038403216264068646 3486809809:0.0047967089940298135"
"180","3486809820","10.7767776","106.7009902","3486809817:0.001515973060331262 7498848143:0.08250207267685467"
"181","3486809823","10.7767930","106.7016177","3486801790:0.034307961017891624 3486809826:0.008540869362531858"
"182","3486809826","10.7768463","106.7015614","3486809823:0.008540869362531858 3486809838:0.023520779750404296"
"183","3486809833","10.7769578","106.7014324","7498848145:0.029416944968282725 7500135738:0.026617408928159832"
"184","3486809836","10.7769880","106.7017206","3486809838:0.0016701117430850242 3486809841:0.006897512404473318"
"185","3486809838","10.7769991","106.7017103","3486809826:0.023520779750404296 3486809836:0.0016701117430850242"
"186","3486809840","10.7770210","106.7018434","3486801780:0.08524382164328408 3486809842:0.003459155289059557"
"187","3486809841","10.7770323","106.7017648","3486809836:0.006897512404473318 3486809843:0.0019435274371526249"
"188","3486809842","10.7770389","106.7018175","3486809844:0.0020555981272020146 3486809840:0.003459155289059557"
"189","3486809843","10.7770427","106.7017791","3486809841:0.0019435274371526249 3486809844:0.0022087889731633326"
"190","3486809844","10.7770436","106.7017993","3486809843:0.0022087889731633326 3486809842:0.0020555981272020146"
"191","3813457966","10.7792203","106.7032162","3813457967:0.0064758076058855675 3813457985:0.004944951671958251"
"192","3813457967","10.7791825","106.7032613","3813457966:0.0064758076058855675 3813457968:0.016906694271861353"
"193","3813457968","10.7790667","106.7031610","3813457967:0.016906694271861353 3813457969:0.007656301202891142"
"194","3813457969","10.7791113","106.7031076","3813457968:0.007656301202891142 3813457970:0.006564534164699498"
"195","3813457970","10.7790663","106.7030687","3813457969:0.006564534164699498 3813457971:0.0286163033540465"
"196","3813457971","10.7792331","106.7028692","3813457970:0.0286163033540465 3813457972:0.024214586478506033"
"197","3813457972","10.7793990","106.7030128","3813457971:0.024214586478506033 3813457973:0.007984551402564542"
"198","3813457973","10.7794455","106.7029571","3813457972:0.007984551402564542 3813457974:0.05151005595336995"
"199","3813457974","10.7797983","106.7032627","3813457973:0.05151005595336995 3813457975:0.04816288523539854"
"200","3813457975","10.7795176","106.7035985","3813457974:0.04816288523539854 3813457976:0.010381721996307202"
"201","3813457976","10.7794465","106.7035369","3813457975:0.010381721996307202 3813457977:0.01351495516777547"
"202","3813457977","10.7795253","106.7034427","3813457976:0.01351495516777547 3813457978:0.02529430290333516"
"203","3813457978","10.7793520","106.7032927","3813457977:0.02529430290333516 3813457979:0.016038407402441963"
"204","3813457979","10.7794455","106.7031809","3813457978:0.016038407402441963 3813457980:0.018502250092757192"
"205","3813457980","10.7795722","106.7032907","3813457979:0.018502250092757192 3813457981:0.0035858373759396927"
"206","3813457981","10.7795931","106.7032657","3813457980:0.0035858373759396927 3813457982:0.033640960651907505"
"207","3813457982","10.7793627","106.7030661","3813457981:0.033640960651907505 3813457983:0.002421981670432938"
"208","3813457983","10.7793486","106.7030830","3813457982:0.002421981670432938 3813457984:0.006376571479774748"
"209","3813457984","10.7793049","106.7030452","3813457983:0.006376571479774748 3813457985:0.020327335843844295"
"210","3813457985","10.7791864","106.7031869","3813457984:0.020327335843844295 3813457966:0.004944951671958251"
"211","3968612439","10.7793307","106.7009385","3968612440:0.037849573441499786 3968612446:0.018197615940929845"
"212","3968612440","10.7795904","106.7011625","3968612439:0.037849573441499786 3968612441:0.02108150276513723"
"213","3968612441","10.7794679","106.7013098","3968612440:0.02108150276513723 3968612442:0.011002127281273609"
"214","3968612442","10.7793924","106.7012447","3968612441:0.011002127281273609 3968612443:0.006743082100518474"
"215","3968612443","10.7793532","106.7012918","3968612442:0.006743082100518474 3968612444:0.016495421554487213"
"216","3968612444","10.7792400","106.7011942","3968612443:0.016495421554487213 3968612445:0.009634167048822275"
"217","3968612445","10.7792960","106.7011269","3968612444:0.009634167048822275 3968612446:0.010360516005589139"
"218","3968612446","10.7792249","106.7010656","3968612445:0.010360516005589139 3968612439:0.018197615940929845"
"219","3968627047","10.7790718","106.7011172","3968627048:0.015860303945528748 3968627050:0.041557242145491974"
"220","3968627048","10.7789654","106.7010205","3968627047:0.015860303945528748 3968627049:0.04155725032115071"
"221","3968627049","10.7787165","106.7013043","3968627048:0.04155725032115071 3968627050:0.015860309763470457"
"222","3968627050","10.7788229","106.7014010","3968627049:0.015860309763470457 3968627047:0.041557242145491974"
"223","3968627051","10.7786452","106.7025712","11280902060:0.024868778578366592 3968627054:0.0189174635342082"
"224","3968627052","10.7784702","106.7027418","11280902062:0.001061684935420999 3968627053:0.017294889697418506"
"225","3968627053","10.7783561","106.7026342","3968627052:0.017294889697418506 3968627054:0.026895617039939115"
"226","3968627054","10.7785204","106.7024535","3968627053:0.026895617039939115 3968627051:0.0189174635342082"
"227","4043532547","10.7759661","106.7021220","7498869312:0.0016450423851230294 3486801752:0.0070321588961594576"
"228","4242297690","10.777459","106.702023","729602786:0.002182216922301337 2507629800:4.6761791766726155E-4"
"229","4329767988","10.77881","106.703231","5743072756:0.04497018569450683 5068708024:0.012847351857936194"
"230","4451914689","10.778399","106.701554","7500135656:0.019029847526756623 7500135655:0.039940998079411864"
"231","4605168357","10.7804011","106.7045614","5743072763:0.0609380432382987 7529106315:0.05626496522344742"
"232","4620410289","10.777895","106.702243","5742670250:0.029394017796049346 6813546196:0.0039027002065273354"
"233","4928840991","10.7787892","106.7030381","4928840992:0.02571187390325779 4928840994:0.019426434142629467"
"234","4928840992","10.7789460","106.7028651","4928840993:0.019426429488405693 4928840991:0.02571187390325779"
"235","4928840993","10.7788176","106.7027445","4928840994:0.025711879828731486 4928840992:0.019426429488405693"
"236","4928840994","10.7786608","106.7029175","4928840993:0.025711879828731486 4928840991:0.019426434142629467"
"237","5068708024","10.778721","106.703156","4329767988:0.012847351857936194 411926701:0.03326334574429916"
"238","5250125852","10.777393","106.701624","7500135735:0.010920768836397332 7500135650:0.015512710119803128"
"239","5413915523","10.7778272","106.7015307"," "
"240","5599905922","10.777736","106.70125","411926380:0.03358250993150347 7500135731:0.025699154101458316"
"241","5608880634","10.77745","106.702014","2507629800:9.352358434298626E-4 7241240985:0.010523079232211454"
"242","5608881062","10.777845","106.702197","6813546196:0.003591225519855222 9584932184:9.35235249699246E-4"
"243","5669405529","10.776983","106.702073","7500135648:0.03375258646307747 2286005147:0.009978496279726419"
"244","5735791227","10.7745989","106.7046770","411919580:0.049935511564953496 11140371367:0.055815626789339455"
"245","5742670248","10.7775890","106.7021523","7144561421:0.019011288577224627 7018017804:7.567593620307587E-4 729602786:0.018027721916749003"
"246","5742670249","10.7776885","106.7020538","9584932184:0.02246463333778179 1969392561:0.014265140078918015"
"247","5742670250","10.7780915","106.7024230","5743072758:0.003193661158352824 4620410289:0.029394017796049346"
"248","5742670251","10.7780329","106.7025509","5743072758:0.014810075207676953 411926701:0.06785726471087017 10588081305:0.05857508447906312"
"249","5743072754","10.7758977","106.7006330","2043347015:0.05806557809560231 6789206001:0.01663696076360765"
"250","5743072756","10.7791209","106.7034943","411926498:0.01618263875008462 4329767988:0.04497018569450683"
"251","5743072757","10.7782326","106.7022979","5743072758:0.020655343461432683"
"252","5743072758","10.7781129","106.7024425","5742670251:0.014810075207676953 5742670250:0.003193661158352824 5743072757:0.020655343461432683"
"253","5743072763","10.7808320","106.7049061","9859389475:0.003590240279663874 4605168357:0.0609380432382987"
"254","5796368453","10.77816","106.700787","7501050919:0.09009011587853369 411926380:0.035559754693781295"
"255","5796392154","10.778106","106.701175","5832350885:0.00578123843514482 7110722696:0.004608332149652414"
"256","5832350885","10.778067","106.70114","411926380:0.018782434063660716 5796392154:0.00578123843514482"
"257","6235215186","10.779136","106.702243","6909743962:0.018636249050268842 411926594:0.01004386393726405"
"258","6315672464","10.7789012","106.7027326"," "
"259","6315672465","10.7788389","106.7023993"," "
"260","6315672913","10.7791732","106.7022751"," "
"261","6315676087","10.778828","106.701836","2043347017:0.013633009723330819 1969579887:0.010773660417904797"
"262","6315676686","10.778262","106.701421","7500135657:0.002137168712905025 7500135656:0.0020286995835827873"
"263","6533623185","10.778957","106.70261","7529106253:0.021957676935572438 7529106252:0.01237180512413659"
"264","6690808887","10.777775","106.702133","1969392561:0.001328590819771459 7144561421:0.00288608146978775"
"265","6747143920","10.773109","106.706264","10700203388:0.08167367565960855 6747143920:0.0 2036083298:0.02031007435477709"
"266","6789206001","10.775784","106.700534","5743072754:0.01663696076360765 6789206001:0.0 411919215:0.017605143505219006"
"267","6813546196","10.777869","106.702219","4620410289:0.0039027002065273354 5608881062:0.003591225519855222"
"268","6859935900","10.7789434","106.6999316","7501050922:0.015314892156720187"
"269","6909743962","10.779023","106.702369","7529106252:0.02476383642402767 6235215186:0.018636249050268842"
"270","6938157974","10.7782094","106.7032752","3166179576:0.03206385721324727 411926701:0.04634858510245493"
"271","6938157977","10.7785324","106.7031962","6938157980:0.014286485340380796 6938157982:0.006881315438732904"
"272","6938157980","10.7786270","106.7032847","6938157981:0.03497053720363915 6938157977:0.014286485340380796"
"273","6938157981","10.7788585","106.7035014","6938157984:0.013410351555843553 6938157980:0.03497053720363915"
"274","6938157982","10.7784869","106.7031535","6938157977:0.006881315438732904 6938157983:0.013402319221896533"
"275","6938157983","10.7785685","106.7030632","6938157982:0.013402319221896533 6938157984:0.05613093117659725"
"276","6938157984","10.7789401","106.7034110","6938157981:0.013410351555843553 6938157983:0.05613093117659725"
"277","7018017804","10.777594","106.702157","10588081305:0.006487357836922905 5742670248:7.567593620307587E-4"
"278","7110722696","10.778137","106.701203","5796392154:0.004608332149652414 7500135660:0.015439472240123023"
"279","7144561421","10.777756","106.702115","6690808887:0.00288608146978775 5742670248:0.019011288577224627"
"280","7241240985","10.777382","106.701947","5608880634:0.010523079232211454 7500135649:0.014652031034942335"
"281","7273856285","10.779505","106.70283","7529106274:0.029374615644549653 411921534:0.11006818146713893"
"282","7330908685","10.778697","106.702733","411926701:0.03394724319464854 7529106252:0.029041038404367645"
"283","7498848140","10.7758737","106.7005310","7498848141:0.08933783672847263"
"284","7498848141","10.7764830","106.7010641","7498848142:0.09987140154594917 7498848140:0.08933783672847263"
"285","7498848142","10.7771707","106.7016522","7500135647:0.003665076386035499 7498848141:0.09987140154594917"
"286","7498848143","10.7773374","106.7014859","7498848144:0.018807439434225602 3486809820:0.08250207267685467"
"287","7498848144","10.7772215","106.7016113","7498848143:0.018807439434225602 7498848145:0.00716365210376317"
"288","7498848145","10.7771571","106.7016095","7498848144:0.00716365210376317 3486809833:0.029416944968282725"
"289","7498848146","10.7784393","106.7020064","11280903275:0.004688938953810684 7498848153:0.02660027001855533"
"290","7498848147","10.7779687","106.7016225","10081568848:0.018664268675078553 7500135671:0.03912243731230805"
"291","7498848152","10.7781852","106.7014359","7498848153:0.06303647948467328 11280903276:0.026607835143090845"
"292","7498848153","10.7786016","106.7018275","7498848152:0.06303647948467328 7498848146:0.02660027001855533"
"293","7498848154","10.7783354","106.7012304","7498848155:0.03561906635302705 7498848163:0.019764066359544526"
"294","7498848155","10.7780995","106.7010098","7498848156:0.008427234324190453 7498848154:0.03561906635302705"
"295","7498848156","10.7780923","106.7009330","7498848157:0.035295846863938427 7498848155:0.008427234324190453"
"296","7498848157","10.7783044","106.7006926","7498848158:0.017651193869475362 7498848156:0.035295846863938427"
"297","7498848158","10.7784276","106.7007945","7498848159:0.01708648165041371 7498848157:0.017651193869475362"
"298","7498848159","10.7783307","106.7009159","7498848160:0.0023201137180212067 7498848158:0.01708648165041371"
"299","7498848160","10.7783505","106.7009226","7498848161:0.0071897132656488765 7498848159:0.0023201137180212067"
"300","7498848161","10.7783466","106.7009883","7498848162:0.0016185677142514182 7498848160:0.0071897132656488765"
"301","7498848162","10.7783321","106.7009870","7498848163:0.017910846575070354 7498848161:0.0016185677142514182"
"302","7498848163","10.7784533","106.7010950","7498848162:0.017910846575070354 7498848154:0.019764066359544526"
"303","7498848165","10.7786408","106.7012575","7498848166:0.009343363209070683 7498848172:0.02053168077352722"
"304","7498848166","10.7785778","106.7012009","7498848167:0.002747227750218351 7498848165:0.009343363209070683"
"305","7498848167","10.7785941","106.7011820","7498848168:0.010664717474241784 7498848166:0.002747227750218351"
"306","7498848168","10.7785221","106.7011175","7498848169:0.003051660719501657 7498848167:0.010664717474241784"
"307","7498848169","10.7785040","106.7011385","7498848170:0.0071170335591302135 7498848168:0.003051660719501657"
"308","7498848170","10.7784560","106.7010954","7498848171:0.020235452759631973 7498848169:0.0071170335591302135"
"309","7498848171","10.7783357","106.7012344","7498848172:0.027117891953055265 7498848170:0.020235452759631973"
"310","7498848172","10.7785187","106.7013985","7498848171:0.027117891953055265 7498848165:0.02053168077352722"
"311","7498848173","10.7786813","106.7012744","7498848174:0.020550438982537243 7498848176:0.042822848266736206"
"312","7498848174","10.7785559","106.7014126","7498848175:0.042831025359321574 7498848173:0.020550438982537243"
"313","7498848175","10.7788389","106.7016786","7498848176:0.020542885400531893 7498848174:0.042831025359321574"
"314","7498848176","10.7789642","106.7015404","7498848175:0.020542885400531893 7498848173:0.042822848266736206"
"315","7498848177","10.7792155","106.7010203","7498848178:0.004544006786197373 7498869188:0.05804375378737845"
"316","7498848178","10.7791851","106.7009925","7498848179:0.01764488594351227 7498848177:0.004544006786197373"
"317","7498848179","10.7790792","106.7011128","7498848180:0.019606203417758265 7498848178:0.01764488594351227"
"318","7498848180","10.7789479","106.7009930","7498848181:0.021139360069035315 7498848179:0.019606203417758265"
"319","7498848181","10.7790748","106.7008489","7498848182:0.004326014378809976 7498848180:0.021139360069035315"
"320","7498848182","10.7791038","106.7008753","7498848183:0.0025352968348117326 7498848181:0.004326014378809976"
"321","7498848183","10.7791190","106.7008580","7498848184:0.0023892790028659633 7498848182:0.0025352968348117326"
"322","7498848184","10.7791030","106.7008434","7498869185:0.03879979067729593 7498848183:0.0023892790028659633"
"323","7498869185","10.7793359","106.7005789","7498869186:0.004231599745415069 7498848184:0.03879979067729593"
"324","7498869186","10.7793642","106.7006048","7498869187:0.013214213308422446 7498869185:0.004231599745415069"
"325","7498869187","10.7794435","106.7005147","7498869188:0.017981866150087147 7498869186:0.013214213308422446"
"326","7498869188","10.7795639","106.7006246","7498869187:0.017981866150087147 7498848177:0.05804375378737845"
"327","7498869189","10.7794680","106.7013986","7498869190:0.009705053815559587 7498869204:0.005960579397588254"
"328","7498869190","10.7794209","106.7014734","7498869191:0.005796612116604845 7498869189:0.009705053815559587"
"329","7498869191","10.7794592","106.7015094","7498869192:0.035090167549040915 7498869190:0.005796612116604845"
"330","7498869192","10.7792451","106.7017454","7498869193:0.02988004939294037 7498869191:0.035090167549040915"
"331","7498869193","10.7790477","106.7015598","7498869194:0.023980846737124115 7498869192:0.02988004939294037"
"332","7498869194","10.7789014","106.7017211","7498869195:0.03764275844849366 7498869193:0.023980846737124115"
"333","7498869195","10.7791501","106.7019549","7498869196:0.008591377843502359 7498869194:0.03764275844849366"
"334","7498869196","10.7792025","106.7018971","7498869197:0.00357308123578992 7498869195:0.008591377843502359"
"335","7498869197","10.7792261","106.7019193","7498869198:0.009207064613363356 7498869196:0.00357308123578992"
"336","7498869198","10.7792823","106.7018574","7498869199:0.002745843479062435 7498869197:0.009207064613363356"
"337","7498869199","10.7793004","106.7018745","7498869200:0.0033832428238249296 7498869198:0.002745843479062435"
"338","7498869200","10.7793211","106.7018518","7498869201:6.158830817849802E-4 7498869199:0.0033832428238249296"
"339","7498869201","10.7793251","106.7018557","7498869202:0.05024883927897625 7498869200:6.158830817849802E-4"
"340","7498869202","10.7796203","106.7015074","7498869201:0.05024883927897625 7498869203:0.014549762765920066"
"341","7498869203","10.7795242","106.7014170","7498869204:0.0027600055297437964 7498869202:0.014549762765920066"
"342","7498869204","10.7795074","106.7014356","7498869189:0.005960579397588254 7498869203:0.0027600055297437964"
"343","7498869205","10.7796847","106.7013630","7498869206:0.04882850047468151 7498869218:0.008924017703027958"
"344","7498869206","10.7799782","106.7010305","7501050924:0.03148003795297464 7498869205:0.04882850047468151"
"345","7498869209","10.7795134","106.7007268","7498869210:0.015155545776846451 7501050923:0.029137489989200554"
"346","7498869210","10.7796045","106.7006236","7498869211:0.02225919943953174 7498869209:0.015155545776846451"
"347","7498869211","10.7794556","106.7004874","7498869212:0.01470301133016678 7498869210:0.02225919943953174"
"348","7498869212","10.7793672","106.7005875","7498869213:0.005238410675839445 7498869211:0.01470301133016678"
"349","7498869213","10.7793322","106.7005554","7501050935:0.01758125111467995 7498869212:0.005238410675839445"
"350","7498869214","10.7789469","106.7009918","7498869215:0.002662270067973101 7501050934:0.039351007824985566"
"351","7498869215","10.7789291","106.7009755","7498869216:0.06417897685699017 7498869214:0.002662270067973101"
"352","7498869216","10.7785433","106.7014125","7498869217:0.09971710759069805 7498869215:0.06417897685699017"
"353","7498869217","10.7792103","106.7020227","7498869218:0.08885866385234074 7498869216:0.09971710759069805"
"354","7498869218","10.7797444","106.7014176","7498869217:0.08885866385234074 7498869205:0.008924017703027958"
"355","7498869235","10.7770535","106.7031120","7498869236:0.010606204378427941 412073673:0.008563429188258136"
"356","7498869236","10.7770245","106.7032045","7498869242:0.010226693100297574 7498869235:0.010606204378427941"
"357","7498869242","10.7770265","106.7032981","2907818487:0.023063559415142796 7498869236:0.010226693100297574"
"358","7498869244","10.7767369","106.7027547","7498869249:0.0031843931080660676 7498869245:0.04435157979131112"
"359","7498869245","10.7770325","106.7030273","7498869244:0.04435157979131112 7498869248:0.003399787630572075"
"360","7498869246","10.7768942","106.7031813","7498869247:0.002552333779946117 7498869278:0.0013961697409776556"
"361","7498869247","10.7769112","106.7031970","7498869248:0.020365542456567586 7498869246:0.002552333779946117"
"362","7498869248","10.7770337","106.7030584","7498869245:0.003399787630572075 7498869247:0.020365542456567586"
"363","7498869249","10.7767083","106.7027562","7498869250:0.017125155883316145 7498869244:0.0031843931080660676"
"364","7498869250","10.7766069","106.7028742","7498869251:0.004792931860938494 7498869249:0.017125155883316145"
"365","7498869251","10.7766408","106.7029013","7498869250:0.004792931860938494 7498869276:0.01615139865069732 7498869277:0.002836569759746855 7498869276:0.01615139865069732"
"366","7498869275","10.7770144","106.7030462","7498869278:0.018514216551108964 7498869276:0.04141721837397656 7498869276:0.04141721837397656 7498869278:0.018514216551108964"
"367","7498869276","10.7767383","106.7027917","7498869275:0.04141721837397656 7498869251:0.01615139865069732 7498869251:0.01615139865069732 7498869275:0.04141721837397656"
"368","7498869277","10.7766231","106.7029200","7498869278:0.04150219325749361 7498869251:0.002836569759746855"
"369","7498869278","10.7769026","106.7031718","7498869246:0.0013961697409776556 7498869275:0.018514216551108964 7498869277:0.04150219325749361 7498869275:0.018514216551108964"
"370","7498869312","10.7759768","106.7021324","3486801763:0.05104961873929554 4043532547:0.0016450423851230294"
"371","7498869315","10.776629","106.70127","7500135737:0.01311259010950316 7498869315:0.0 1769277472:0.008482340431331288"
"372","7498869318","10.7764950","106.7013027","7498869319:0.008532833297305038"
"373","7498869319","10.776552","106.701355","11135427924:0.05199257797778929 11135427925:0.051868381513092025 7498869320:0.04531533130681521 7498869318:0.008532833297305038"
"374","7498869320","10.7768559","106.7016314","11135427925:0.006561718785041956 7498869319:0.04531533130681521"
"375","7498869321","10.7771332","106.7018071","7498869342:0.0019657353848230885 7498869343:0.001659924116993576"
"376","7498869322","10.7764890","106.7013626","7498869337:0.0014340183995847503 7498869324:0.0015062956753578215"
"377","7498869324","10.7765011","106.7013564","7498869322:0.0015062956753578215 7498869325:0.0015853406466997963"
"378","7498869325","10.7765153","106.7013551","7498869324:0.0015853406466997963 7498869327:0.0011520917874719642"
"379","7498869327","10.7765242","106.7013605","7498869325:0.0011520917874719642 7498869328:0.0010702657707388845"
"380","7498869328","10.7765328","106.7013649","7498869327:0.0010702657707388845 7498869329:0.0023999862248264285"
"381","7498869329","10.7765502","106.7013779","7498869328:0.0023999862248264285 7498869330:0.005372014474658463"
"382","7498869330","10.7765818","106.7013407","7498869329:0.005372014474658463 7498869331:0.004695951681511135"
"383","7498869331","10.7765545","106.7013079","7498869330:0.004695951681511135 7498869332:0.0013676401920852332"
"384","7498869332","10.7765552","106.7012954","7498869331:0.0013676401920852332 7498869333:9.280772906413273E-4"
"385","7498869333","10.7765608","106.7012891","7498869332:9.280772906413273E-4 7498869334:0.0010843387925374335"
"386","7498869334","10.7765673","106.7012817","7498869333:0.0010843387925374335 7498869335:0.0013598824267773988"
"387","7498869335","10.7765785","106.7012767","7498869334:0.0013598824267773988 7498869336:0.0011316159798071608"
"388","7498869336","10.7765884","106.7012743","7498869335:0.0011316159798071608 7498869338:0.001754387780039152"
"389","7498869337","10.7764787","106.7013705","7498869322:0.0014340183995847503 10197868412:0.008408358796764612"
"390","7498869338","10.7766009","106.7012841","7498869336:0.001754387780039152 7498869339:0.04049937426789851"
"391","7498869339","10.7768704","106.7015335","7498869338:0.04049937426789851 7498869340:0.03820138108755137"
"392","7498869340","10.7771286","106.7017642","7498869339:0.03820138108755137 7498869341:0.0015737978936213235"
"393","7498869341","10.7771338","106.7017776","7498869340:0.0015737978936213235 7498869342:0.0012972385480513758"
"394","7498869342","10.7771358","106.7017893","7498869341:0.0012972385480513758 7498869321:0.0019657353848230885"
"395","7498869343","10.7771226","106.7018178","7498869321:0.001659924116993576 7498869356:0.07912802766960589"
"396","7498869344","10.7764343","106.7025802","7498869355:0.006935514682199188 7498869345:0.00214131009647805"
"397","7498869345","10.7764198","106.7025931","7498869344:0.00214131009647805 7498869346:0.0018088685053629537"
"398","7498869346","10.7764046","106.7025990","7498869345:0.0018088685053629537 7498869347:0.0013899365829056034"
"399","7498869347","10.7763921","106.7025990","7498869346:0.0013899365829056034 7498869348:0.0019166230585284194"
"400","7498869348","10.7763757","106.7025936","7498869347:0.0019166230585284194 7498869349:0.07510195952734904"
"401","7498869349","10.7758684","106.7021397","7498869348:0.07510195952734904 7504960417:0.002218366146196223"
"402","7498869350","10.7758408","106.7021021","7504960417:0.0029088058764168067 7498869351:0.0016229137110406878"
"403","7498869351","10.7758362","106.7020880","7498869350:0.0016229137110406878 7498869352:0.0026483700048842555"
"404","7498869352","10.7758388","106.7020639","7498869351:0.0026483700048842555 7498869353:0.008633577210306902"
"405","7498869353","10.7758862","106.7020013","7498869352:0.008633577210306902 7498869354:0.009707307517020045"
"406","7498869354","10.7759452","106.7019358","7498869353:0.009707307517020045 10197868412:0.07722003415275858"
"407","7498869355","10.7764784","106.7025353","7498869356:0.027053810918279003 7498869344:0.006935514682199188"
"408","7498869356","10.7766451","106.7023549","7498869343:0.07912802766960589 7498869355:0.027053810918279003"
"409","7500135586","10.7775482","106.7017654"," "
"410","7500135587","10.7775229","106.7017938"," "
"411","7500135588","10.7775722","106.7017386"," "
"412","7500135589","10.7774994","106.7018201"," "
"413","7500135590","10.7775120","106.7016944"," "
"414","7500135591","10.7775120","106.7017434","7500135592:0.0012777045133590074 7500135605:0.001267744139448926"
"415","7500135592","10.7775099","106.7017549","7500135593:0.0012799371980865332 7500135591:0.0012777045133590074"
"416","7500135593","10.7775033","106.7017645","7500135594:0.0012716207091982808 7500135592:0.0012799371980865332"
"417","7500135594","10.7774935","106.7017705","7500135595:0.0012671408310017263 7500135593:0.0012716207091982808"
"418","7500135595","10.7774822","106.7017720","7500135596:0.001278286059655315 7500135594:0.0012671408310017263"
"419","7500135596","10.7774712","106.7017686","7500135597:0.0012747725997544423 7500135595:0.001278286059655315"
"420","7500135597","10.7774625","106.7017610","7500135598:0.0012697899730360084 7500135596:0.0012747725997544423"
"421","7500135598","10.7774576","106.7017505","7500135599:0.001278225987042042 7500135597:0.0012697899730360084"
"422","7500135599","10.7774574","106.7017388","7500135600:0.0012670690882120082 7500135598:0.001278225987042042"
"423","7500135600","10.7774618","106.7017281","7500135601:0.001270993053755916 7500135599:0.0012670690882120082"
"424","7500135601","10.7774701","106.7017201","7500135602:0.0012847136200696458 7500135600:0.001270993053755916"
"425","7500135602","10.7774810","106.7017162","7500135603:0.0012723198951753788 7500135601:0.0012847136200696458"
"426","7500135603","10.7774924","106.7017172","7500135604:0.001269101094444396 7500135602:0.0012723198951753788"
"427","7500135604","10.7775024","106.7017228","7500135605:0.0012797839097717686 7500135603:0.001269101094444396"
"428","7500135605","10.7775094","106.7017321","7500135604:0.0012797839097717686 7500135591:0.001267744139448926"
"429","7500135635","10.7765819","106.7013216","7500135636:0.0410727636386129"
"430","7500135636","10.7768651","106.7015630","7500135637:0.035411081056194005 7500135635:0.0410727636386129"
"431","7500135637","10.7771092","106.7017712","7500135636:0.035411081056194005 7500135648:0.01221798154181658"
"432","7500135638","10.7772337","106.7018878","7500135648:0.006593516973233908"
"433","7500135639","10.7773575","106.7017767","7500135641:0.0017301087768068974 7500135681:0.0019719360008903153 7500135680:8.375889474604089E-4"
"434","7500135640","10.7772155","106.7016602","7500135646:0.0014359188834740958 7500135647:0.0015787948886070255 7500135650:0.011789996504368933"
"435","7500135641","10.7773452","106.7017670","7500135639:0.0017301087768068974 7500135650:0.006759752061695241"
"436","7500135642","10.7776338","106.7012706","7500135643:0.016155549333541203"
"437","7500135643","10.7775304","106.7013745","7500135642:0.016155549333541203 7500135644:0.019738564990059222 7500135731:0.007404569558686312 7500135732:0.004505023180013149"
"438","7500135644","10.7774024","106.7014997","7500135643:0.019738564990059222 7500135645:0.023568230624824864 7500135735:0.008502985505913895 7500135733:0.007784832080417566"
"439","7500135645","10.7772511","106.7016508","7500135644:0.023568230624824864 7500135646:0.002653621967626196"
"440","7500135646","10.7772280","106.7016569","7500135645:0.002653621967626196 7500135640:0.0014359188834740958"
"441","7500135647","10.7772017","106.7016636","7500135640:0.0015787948886070255 7498848142:0.003665076386035499"
"442","7500135648","10.77719","106.701847","411926157:0.007228559880298354 7500135648:0.0 5669405529:0.03375258646307747 7500135638:0.006593516973233908 7500135637:0.01221798154181658"
"443","7500135649","10.777288","106.701853","7241240985:0.014652031034942335 7500135649:0.0 411926157:0.008502059428982186"
"444","7500135650","10.777298","106.701728","5250125852:0.015512710119803128 7500135650:0.0 411926157:0.010468769101358973 7500135641:0.006759752061695241 7500135640:0.011789996504368933"
"445","7500135651","10.7787642","106.7018225","7500135652:0.07686741059963816"
"446","7500135652","10.7782576","106.7013437","7500135651:0.07686741059963816 7500135686:0.007880545131760848"
"447","7500135653","10.7787207","106.7017380","7500135660:0.07189787587529241 2043347017:0.0023965852757770623 7500135655:0.009745910778612239"
"448","7500135654","10.7783703","106.7021330","7500135655:0.04839026246167453"
"449","7500135655","10.7786614","106.7018037","7500135654:0.04839026246167453 7500135653:0.009745910778612239 4451914689:0.039940998079411864"
"450","7500135656","10.7782741","106.7014349","6315676686:0.0020286995835827873 4451914689:0.019029847526756623"
"451","7500135657","10.7782504","106.7014054","7500135658:0.002772347847784166 6315676686:0.002137168712905025"
"452","7500135658","10.7782451","106.7013806","7500135659:0.0036660657858328892 7500135657:0.002772347847784166"
"453","7500135659","10.7782431","106.7013471","7500135660:0.005386042994515761 7500135658:0.0036660657858328892"
"454","7500135660","10.7782399","106.7012979","7110722696:0.015439472240123023 7500135653:0.07189787587529241 7500135659:0.005386042994515761"
"455","7500135661","10.7773933","106.7017338","1770305131:0.007615014593110087 1770305234:0.08588525246501631"
"456","7500135662","10.7780027","106.7011643","1770305234:0.009417748915115003 1770305229:0.029029599482410347"
"457","7500135663","10.7778731","106.7012603","7500135664:0.00180783534912999 7500135668:0.003678169012884591"
"458","7500135664","10.7778617","106.7012721","7500135663:0.00180783534912999 7500135665:0.0019949519333022133"
"459","7500135665","10.7778744","106.7012850","7500135666:0.004223572366504937 7500135664:0.0019949519333022133"
"460","7500135666","10.7778476","106.7013124","7500135667:0.0016755092179330587 7500135665:0.004223572366504937"
"461","7500135667","10.7778583","106.7013232","7500135668:0.006023633400981206 7500135666:0.0016755092179330587"
"462","7500135668","10.7778965","106.7012841","7500135663:0.003678169012884591 7500135667:0.006023633400981206"
"463","7500135669","10.7776118","106.7020280","7500135670:0.014400760146916347 7500135679:0.03790588073551279 7500135678:0.005603096245535883"
"464","7500135670","10.7776971","106.7019288","7500135669:0.014400760146916347 7500135672:0.002534036543101806"
"465","7500135671","10.7782043","106.7013565","7498848147:0.03912243731230805"
"466","7500135672","10.7777125","106.7019117","7500135670:0.002534036543101806 10081568848:0.02387419998237272"
"467","7500135673","10.7779903","106.7012291","7500135691:0.01868451673538061 7500135694:0.02026792974681835 7500135674:0.007496303781295471"
"468","7500135674","10.7780324","106.7011755","7500135686:0.023510064579343244 7500135685:0.00949964349257537 7500135673:0.007496303781295471"
"469","7500135675","10.7777826","106.7012808","7500135695:0.0035224768065292528 7500135683:0.02287311508822587 7500135677:0.03999224025010709"
"470","7500135676","10.7774916","106.7016007","7500135709:0.00404427759636277 7500135677:0.007632239098313423 7500135682:0.01984798513857971"
"471","7500135677","10.7775382","106.7015494","7500135710:0.0031360982149057 7500135675:0.03999224025010709 7500135676:0.007632239098313423"
"472","7500135678","10.7776490","106.7020626","7500135669:0.005603096245535883 11280902064:0.07380760677422789"
"473","7500135679","10.7773598","106.7017943","7500135680:0.0011523215454037848 7500135669:0.03790588073551279"
"474","7500135680","10.7773565","106.7017843","7500135639:8.375889474604089E-4 7500135679:0.0011523215454037848"
"475","7500135681","10.7773598","106.7017588","7500135682:0.002949882620463406 7500135639:0.0019719360008903153"
"476","7500135682","10.7773703","106.7017340","7500135676:0.01984798513857971 7500135681:0.002949882620463406"
"477","7500135683","10.7779223","106.7011271","7500135684:0.0025960626715512175 7500135675:0.02287311508822587"
"478","7500135684","10.7779447","106.7011204","7500135685:0.0022846200070691077 7500135683:0.0025960626715512175"
"479","7500135685","10.7779652","106.7011218","7500135674:0.00949964349257537 7500135684:0.0022846200070691077"
"480","7500135686","10.7781918","106.7013169","7500135652:0.007880545131760848 7500135674:0.023510064579343244"
"481","7500135687","10.7778104","106.7016283","7500135688:0.007246704683288877 7500135690:0.01176475493026926"
"482","7500135688","10.7777618","106.7015841","7500135689:0.011764755988858315 7500135687:0.007246704683288877"
"483","7500135689","10.7778322","106.7015037","7500135690:0.007246703930906538 7500135688:0.011764755988858315"
"484","7500135690","10.7778808","106.7015479","7500135689:0.007246703930906538 7500135687:0.01176475493026926"
"485","7500135691","10.7781137","106.7013452","7500135673:0.01868451673538061 7500135693:0.03003778977394991"
"486","7500135692","10.7778056","106.7014314","7500135693:0.018761473681880764 7500135699:0.0021825554614966856 7500135694:0.009900183896117534"
"487","7500135693","10.7779303","106.7015471","7500135692:0.018761473681880764 7500135691:0.03003778977394991 7500135698:0.0061743860025242825"
"488","7500135694","10.7778662","106.7013650","7500135696:0.008073703066188754 7500135692:0.009900183896117534 7500135673:0.02026792974681835"
"489","7500135695","10.7778051","106.7013035","7500135675:0.0035224768065292528 7500135696:0.0014807892235351979"
"490","7500135696","10.7778146","106.7013130","7500135694:0.008073703066188754 7500135695:0.0014807892235351979"
"491","7500135697","10.7776240","106.7016302","7500135711:0.00592126810495256 7500135700:0.008715057757688303 7500135699:0.02747086483902142"
"492","7500135698","10.7778926","106.7015886","7500135693:0.0061743860025242825 7500135701:0.03237649252495478"
"493","7500135699","10.7777922","106.7014460","7500135697:0.02747086483902142 7500135692:0.0021825554614966856"
"494","7500135700","10.7775706","106.7016886","7500135702:0.009157555403687971 7500135697:0.008715057757688303"
"495","7500135701","10.7776949","106.7018062","7500135698:0.03237649252495478 7500135702:0.009711753037431334"
"496","7500135702","10.7776309","106.7017457","7500135701:0.009711753037431334 7500135700:0.009157555403687971 7500135704:0.005606030560737346"
"497","7500135703","10.7774859","106.7019075","7500135707:0.0058625336356676674"
"498","7500135704","10.7775979","106.7017845","7500135702:0.005606030560737346 7500135705:0.0029855430640966405"
"499","7500135705","10.7775796","106.7018045","7500135706:0.006907090087624002 7500135704:0.0029855430640966405"
"500","7500135706","10.7775374","106.7018509","7500135705:0.006907090087624002 7500135707:0.0025646892445633025"
"501","7500135707","10.7775217","106.7018681","7500135703:0.0058625336356676674 7500135706:0.0025646892445633025"
"502","7500135708","10.7775285","106.7016392","7500135709:0.001831224418865758"
"503","7500135709","10.7775170","106.7016272","7500135676:0.00404427759636277 7500135708:0.001831224418865758"
"504","7500135710","10.7775589","106.7015689","7500135677:0.0031360982149057 7500135711:0.0039395980846160215"
"505","7500135711","10.7775849","106.7015934","7500135697:0.00592126810495256 7500135710:0.0039395980846160215"
"506","7500135712","10.7768292","106.7008964","7500135716:0.003238210819472762 7500135715:0.007035129739073531"
"507","7500135713","10.7766082","106.7006524","7500135714:0.025896089499090842"
"508","7500135714","10.7767926","106.7007972","7500135715:0.005291318779415523 7500135713:0.025896089499090842"
"509","7500135715","10.7768256","106.7008321","7500135712:0.007035129739073531 7500135714:0.005291318779415523"
"510","7500135716","10.7768308","106.7009260","7500135736:0.018995536718301252 7500135712:0.003238210819472762"
"511","7500135717","10.7769744","106.7008344","3486809794:0.05714120557033103 7500135721:0.0015637397659875262"
"512","7500135718","10.7765392","106.7005492","7500135719:0.057134234790614184 7500135728:0.001032598727417345"
"513","7500135719","10.7769347","106.7008831","7500135718:0.057134234790614184 7500135721:0.005349026465872861 7500135722:0.0054312348283580844 7500135721:0.005349026465872861"
"514","7500135720","10.7772189","106.7010640","7500135721:0.03694239326959791 7500135723:0.010775352614872686"
"515","7500135721","10.7769654","106.7008454","7500135717:0.0015637397659875262 7500135719:0.005349026465872861 7500135719:0.005349026465872861 7500135720:0.03694239326959791"
"516","7500135722","10.7769032","106.7009211","7500135723:0.03688021682913866 7500135719:0.0054312348283580844"
"517","7500135723","10.7771563","106.7011393","7500135722:0.03688021682913866 7500135720:0.010775352614872686"
"518","7500135724","10.7771046","106.7012592","7500135725:0.02130633640244131 7500135727:0.010504358198923808"
"519","7500135725","10.7769580","106.7011336","7500135726:0.010511521193700258 7500135724:0.02130633640244131"
"520","7500135726","10.7770189","106.7010600","7500135727:0.021297828454079046 7500135725:0.010511521193700258"
"521","7500135727","10.7771654","106.7011856","7500135726:0.021297828454079046 7500135724:0.010504358198923808"
"522","7500135728","10.7765451","106.7005419","7500135718:0.001032598727417345 3486801792:0.005027877388088057"
"523","7500135729","10.7773815","106.7012445","7500135730:0.013126321103774546"
"524","7500135730","10.7774731","106.7013203","7500135729:0.013126321103774546 7500135732:0.004195292667501356"
"525","7500135731","10.7775781","106.7014218","5599905922:0.025699154101458316 7500135735:0.019269674623236532 7500135643:0.007404569558686312"
"526","7500135732","10.7775014","106.7013457","7500135643:0.004505023180013149 7500135730:0.004195292667501356"
"527","7500135733","10.7773496","106.7014529","7500135644:0.007784832080417566 7500135734:0.03189102875637254"
"528","7500135734","10.7771332","106.7012613","7500135733:0.03189102875637254"
"529","7500135735","10.7774600","106.7015509","7500135731:0.019269674623236532 5250125852:0.010920768836397332 7500135644:0.008502985505913895"
"530","7500135736","10.7769609","106.7010387","7500135716:0.018995536718301252 7500135738:0.03292108091960384"
"531","7500135737","10.7767183","106.7013484","11135427924:0.03687645692893559 7498869315:0.01311259010950316 7500135738:0.010347457128750607"
"532","7500135738","10.7767759","106.7012740","3486809833:0.026617408928159832 3486809796:0.02193108784842571 7500135737:0.010347457128750607 7500135736:0.03292108091960384"
"533","7500509837","10.7759057","106.7003956","7500509838:0.006288806097350321 7500512686:0.0477443025808637"
"534","7500509838","10.7758569","106.7004247","7500509839:0.0020782575508304156 7500509837:0.006288806097350321"
"535","7500509839","10.7758503","106.7004425","7500509840:0.00160568465046124 7500509838:0.0020782575508304156"
"536","7500509840","10.7758474","106.7004569","7500509841:0.001691587546244497 7500509839:0.00160568465046124"
"537","7500509841","10.7758490","106.7004723","7500509842:0.001389370004603064 7500509840:0.001691587546244497"
"538","7500509842","10.7758556","106.7004831","7500509843:0.0017951320412665666 7500509841:0.001389370004603064"
"539","7500509843","10.7758681","106.7004935","7500509844:0.07446028073036207 7500509842:0.0017951320412665666"
"540","7500509844","10.7763798","106.7009332","7500509845:0.002304137690648738 7500509843:0.07446028073036207"
"541","7500509845","10.7763674","106.7009501","7500509846:0.02817101094003235 7500509844:0.002304137690648738"
"542","7500509846","10.7765586","106.7011193","7500509847:0.0021713737578232823 7500509845:0.02817101094003235"
"543","7500509847","10.7765713","106.7011042","7500509848:0.08673057995636084 7500509846:0.0021713737578232823"
"544","7500509848","10.7771615","106.7016233","7500509849:0.0020011228688259406 7500509847:0.08673057995636084"
"545","7500509849","10.7771793","106.7016260","7500509850:0.006001768400654969 7500509848:0.0020011228688259406"
"546","7500509850","10.7772327","106.7016180","7500509865:0.04534717727624491 7500509849:0.006001768400654969"
"547","7500509851","10.7774370","106.7013440","7500509852:0.012590883772762986 7500509856:0.012839746410572256"
"548","7500509852","10.7773511","106.7012689","7500509853:0.006622823289583332 7500509851:0.012590883772762986"
"549","7500509853","10.7773899","106.7012229","7500509854:0.019645896573349916 7500509852:0.006622823289583332"
"550","7500509854","10.7772558","106.7011058","7500509855:0.01946257666561214 7500509853:0.019645896573349916"
"551","7500509855","10.7771418","106.7012410","7500509856:0.03223678350030765 7500509854:0.01946257666561214"
"552","7500509856","10.7773618","106.7014332","7500509855:0.03223678350030765 7500509851:0.012839746410572256"
"553","7500509857","10.7772889","106.7010523","7500509858:0.0037685325371855805 7500509860:0.037310897167859534"
"554","7500509858","10.7772664","106.7010781","7500509859:0.037310898397501874 7500509857:0.0037685325371855805"
"555","7500509859","10.7775173","106.7013049","7500509860:0.0037685307804200836 7500509858:0.037310898397501874"
"556","7500509860","10.7775398","106.7012791","7500509859:0.0037685307804200836 7500509857:0.037310897167859534"
"557","7500509862","10.7778275","106.7009803","7500509875:0.08112866147452727 7500509865:0.0507139736048005"
"558","7500509863","10.7770093","106.7008348","7500509882:0.007049340402635976 7500509864:0.0023946551077556927 7500509864:0.0023946551077556927 7500509882:0.007049340402635976"
"559","7500509864","10.7769962","106.7008522","7500509863:0.0023946551077556927 7500509865:0.07618569243322675 7500509865:0.07618569243322675 7500509863:0.0023946551077556927"
"560","7500509865","10.7775100","106.7013136","7500509850:0.04534717727624491 7500509864:0.07618569243322675 7500509864:0.07618569243322675 7500509862:0.0507139736048005"
"561","7500509866","10.7769756","106.7007730","7500509882:0.0023569712815695136 7500509874:0.01728407061242548"
"562","7500509867","10.7770436","106.7008274","7500509868:0.004061354441933978 7500509870:0.031705207887824195"
"563","7500509868","10.7770205","106.7008562","7500509869:0.03148941778048981 7500509867:0.004061354441933978"
"564","7500509869","10.7772313","106.7010487","7500509870:0.0042501023300597135 7500509868:0.03148941778048981"
"565","7500509870","10.7772570","106.7010199","7500509869:0.0042501023300597135 7500509867:0.031705207887824195"
"566","7500509874","10.7770663","106.7006445","7500509866:0.01728407061242548 7500509881:0.004399600734673643"
"567","7500509875","10.7772840","106.7004848","7500509883:0.006319778547703187 7500509862:0.08112866147452727"
"568","7500509880","10.7771009","106.7006209","7500509881:0.0016196508494207144 7500509883:0.025041518642597824"
"569","7500509881","10.7770894","106.7006118","7500509874:0.004399600734673643 7500509880:0.0016196508494207144"
"570","7500509882","10.7769632","106.7007905","7500512685:0.03970989491245711 7500509863:0.007049340402635976 7500509863:0.007049340402635976 7500509866:0.0023569712815695136"
"571","7500509883","10.7772439","106.7004438","7500509880:0.025041518642597824 7500509875:0.006319778547703187"
"572","7500512685","10.7766899","106.7005565","7500512686:0.057668328248834874 7500509882:0.03970989491245711"
"573","7500512686","10.7762959","106.7002132","7500509837:0.0477443025808637 7500512685:0.057668328248834874"
"574","7501050919","10.7787118","106.7001831","7501050922:0.022340608148715607 5796368453:0.09009011587853369"
"575","7501050922","10.7788488","106.7000335","6859935900:0.015314892156720187 7501050919:0.022340608148715607"
"576","7501050923","10.7797083","106.7009051","7498869209:0.029137489989200554 7501050924:0.009867168812384669"
"577","7501050924","10.7797676","106.7008379","7501050923:0.009867168812384669 7498869206:0.03148003795297464"
"578","7501050932","10.7790928","106.7004361","1969579705:0.022439664041165274 7501050933:0.01643771366372178"
"579","7501050933","10.7789932","106.7005473","7501050932:0.01643771366372178 1985346175:0.020884119841369005"
"580","7501050934","10.7791835","106.7007239","7498869214:0.039351007824985566 7501050935:0.007160764504628093"
"581","7501050935","10.7792265","106.7006751","7501050934:0.007160764504628093 7498869213:0.01758125111467995"
"582","7501050950","10.7786786","106.7009362","7501050951:0.018548820474511025 7501050953:0.026775397639350433"
"583","7501050951","10.7785547","106.7008225","7501050952:0.02677540371600012 7501050950:0.018548820474511025"
"584","7501050952","10.7787160","106.7006405","7501050953:0.018548816017740142 7501050951:0.02677540371600012"
"585","7501050953","10.7788399","106.7007542","7501050952:0.018548816017740142 7501050950:0.026775397639350433"
"586","7501050954","10.7789985","106.7000756","1969579917:0.009182858589527835 1969579705:0.03434753098188417"
"587","7501051041","10.7780793","106.7007220","7501051045:0.01949431197344435 7501051042:0.02059143175626421"
"588","7501051042","10.7779554","106.7008621","7501051046:0.019494315564427638 7501051041:0.02059143175626421"
"589","7501051045","10.7779490","106.7006026","7501051046:0.020591436681225206 7501051041:0.01949431197344435"
"590","7501051046","10.7778251","106.7007427","7501051042:0.019494315564427638 7501051045:0.020591436681225206"
"591","7501051052","10.7773654","106.7004489","7501051053:0.030686019098574817 411926380:0.0897908243410817"
"592","7501051053","10.7771599","106.7002614","411919193:0.054353998905293355 7501051052:0.030686019098574817"
"593","7504960397","10.7767550","106.7027031","7504960415:0.04983485323342072 7504960398:0.02442778497580537"
"594","7504960398","10.7765958","106.7025490","7504960397:0.02442778497580537 7504960399:0.09096600498641208"
"595","7504960399","10.7760373","106.7031575","7504960398:0.09096600498641208 7504960400:0.0843813235458203"
"596","7504960400","10.7766129","106.7036609","7504960399:0.0843813235458203 7504960401:0.008563780745099508"
"597","7504960401","10.7766898","106.7036566","7504960400:0.008563780745099508 7504960402:0.008603537203591092"
"598","7504960402","10.7767667","106.7036653","7504960401:0.008603537203591092 7504960403:0.00902468187148842"
"599","7504960403","10.7768458","106.7036838","7504960402:0.00902468187148842 7504960404:0.007280379141946209"
"600","7504960404","10.7769035","106.7037153","7504960403:0.007280379141946209 7504960405:0.004569040495631433"
"601","7504960405","10.7769398","106.7037349","7504960404:0.004569040495631433 7504960406:0.060574055801716785"
"602","7504960406","10.7773371","106.7041143","7504960405:0.060574055801716785 7504960407:0.048328411153179845"
"603","7504960407","10.7776319","106.7037892","7504960406:0.048328411153179845 7504960408:0.012852766001995974"
"604","7504960408","10.7775336","106.7037273","7504960407:0.012852766001995974 7504960409:0.02127109252875996"
"605","7504960409","10.7773926","106.7035957","7504960408:0.02127109252875996 7504960410:0.02842664714054934"
"606","7504960410","10.7772025","106.7034217","7504960409:0.02842664714054934 7504960411:0.021578211378185132"
"607","7504960411","10.7770626","106.7032848","7504960412:0.00548416342688214 7504960410:0.021578211378185132"
"608","7504960412","10.7770594","106.7032347","7504960411:0.00548416342688214 7504960413:0.008868466840969577"
"609","7504960413","10.7770765","106.7031554","7504960412:0.008868466840969577 7504960414:0.01005460204753317"
"610","7504960414","10.7770872","106.7030640","7504960413:0.01005460204753317 7504960415:0.005593170990045661"
"611","7504960415","10.7770840","106.7030129","7504960414:0.005593170990045661 7504960397:0.04983485323342072"
"612","7504960417","10.7758565","106.7021234","7498869349:0.002218366146196223 7498869350:0.0029088058764168067"
"613","7529106248","10.7790419","106.7027115","7529106249:0.021024232454722055 7529106251:0.018206742828354106"
"614","7529106249","10.7789000","106.7025843","7529106250:0.01821494756882269 7529106248:0.021024232454722055"
"615","7529106250","10.7787918","106.7027095","7529106251:0.021017018389548916 7529106249:0.01821494756882269"
"616","7529106251","10.7789337","106.7028366","7529106250:0.021017018389548916 7529106248:0.018206742828354106"
"617","7529106252","10.7788726","106.7025362","6533623185:0.01237180512413659 7330908685:0.029041038404367645 6909743962:0.02476383642402767"
"618","7529106253","10.7791061","106.7027418","6533623185:0.021957676935572438"
"619","7529106254","10.7789701","106.7025072","7529106255:0.04690356186046181 7529106280:0.02352674979646356"
"620","7529106255","10.7792863","106.7027914","7529106254:0.04690356186046181 7529106281:0.023356121744290716"
"621","7529106256","10.7788595","106.7019746","7529106257:0.01773413867815738 7529106259:0.0171134590065071"
"622","7529106257","10.7787422","106.7018646","7529106258:0.017120992925921723 7529106256:0.01773413867815738"
"623","7529106258","10.7786379","106.7019799","7529106259:0.01774232129896938 7529106257:0.017120992925921723"
"624","7529106259","10.7787553","106.7020899","7529106258:0.01774232129896938 7529106256:0.0171134590065071"
"625","7529106260","10.7789553","106.7021961","7529106261:0.0016482086678272017 7529106265:0.008827667967281735"
"626","7529106261","10.7789442","106.7021861","7529106262:0.010131336775606603 7529106260:0.0016482086678272017"
"627","7529106262","10.7788842","106.7022559","7529106263:0.01680011455524607 7529106261:0.010131336775606603"
"628","7529106263","10.7787706","106.7021545","7529106264:0.018942575531826114 7529106262:0.01680011455524607"
"629","7529106264","10.7788829","106.7020241","7529106265:0.018433901805340255 7529106263:0.018942575531826114"
"630","7529106265","10.7790076","106.7021353","7529106264:0.018433901805340255 7529106260:0.008827667967281735"
"631","7529106266","10.7791832","106.7022586","7529106280:0.012514298337194984 7529106279:0.04729751688998526"
"632","7529106274","10.7796786","106.7026273","411926594:0.07287727152741075 7273856285:0.029374615644549653"
"633","7529106279","10.7795010","106.7025464","7529106266:0.04729751688998526 7529106281:0.012506903361807197"
"634","7529106280","10.7791084","106.7023442","7529106254:0.02352674979646356 7529106281:0.04730583044531046 7529106281:0.04730583044531046 7529106266:0.012514298337194984"
"635","7529106281","10.7794263","106.7026320","7529106280:0.04730583044531046 7529106255:0.023356121744290716 7529106280:0.04730583044531046 7529106279:0.012506903361807197"
"636","7529106315","10.7800103","106.7042342","4605168357:0.05626496522344742 411926596:0.03612678916250437"
"637","7529106402","10.7810787","106.7051092","3451232672:0.016017135335629304 9859389475:0.03168984423148485"
"638","7529106440","10.7815891","106.7055458","411926037:0.007257584944338978 411925956:0.03268157676896147"
"639","7529106530","10.7824303","106.7051728","411925945:0.09098973483953453 2036083316:0.05484098348005906"
"640","9582836186","10.7782507","106.7028167","9582836189:0.010120980121871145 9582836187:0.0105035516512724"
"641","9582836187","10.7781905","106.7028908","9582836186:0.0105035516512724 9582836188:0.010129547206469693"
"642","9582836188","10.7781203","106.7028317","9582836187:0.010129547206469693 9582836189:0.010510643072090374"
"643","9582836189","10.7781806","106.7027576","9582836186:0.010120980121871145 9582836188:0.010510643072090374"
"644","9582836190","10.7781009","106.7030729","9582836197:0.020167083480231232 9582836191:0.01771390848682811"
"645","9582836191","10.7779964","106.7031953","9582836190:0.01771390848682811 9582836198:0.020167086492748072"
"646","9582836192","10.7777476","106.7028862","9582836195:0.014390707490439508 9582836193:0.007331147442558723 9582836193:0.007331147442558723 9582836196:0.004371794899157552"
"647","9582836193","10.7777044","106.7029369","9582836192:0.007331147442558723 9582836194:0.014399104484846425 9582836198:0.022855382528295266 9582836192:0.007331147442558723"
"648","9582836194","10.7776066","106.7028505","9582836193:0.014399104484846425 9582836195:0.007338439482720725"
"649","9582836195","10.7776499","106.7027998","9582836192:0.014390707490439508 9582836194:0.007338439482720725"
"650","9582836196","10.7777734","106.7028560","9582836192:0.004371794899157552 9582836199:0.013460696461250966"
"651","9582836197","10.7779640","106.7029518","9582836190:0.020167083480231232 9582836198:0.017713913076904 9582836200:0.03632446612384297 9582836198:0.017713913076904"
"652","9582836198","10.7778595","106.7030742","9582836191:0.020167086492748072 9582836197:0.017713913076904 9582836197:0.017713913076904 9582836193:0.022855382528295266"
"653","9582836199","10.7776820","106.7027752","9582836196:0.013460696461250966 9582836200:0.006003687176075027"
"654","9582836200","10.7777174","106.7027337","9582836197:0.03632446612384297 9582836199:0.006003687176075027"
"655","9582836201","10.7792237","106.7011935","9582836204:0.014704737965618936 9582836202:0.0411750638118825"
"656","9582836202","10.7789747","106.7014725","9582836201:0.0411750638118825 9582836203:0.01470474346402337"
"657","9582836203","10.7788768","106.7013820","9582836202:0.01470474346402337 9582836204:0.041175071149549755"
"658","9582836204","10.7791258","106.7011030","9582836201:0.014704737965618936 9582836203:0.041175071149549755"
"659","9582836205","10.7785937","106.7022209","9582836206:0.0019178463216305644 9582836209:0.011796538537354346"
"660","9582836206","10.7785820","106.7022338","9582836210:0.0025121409061393644 9582836205:0.0019178463216305644"
"661","9582836207","10.7784788","106.7023137","9582836208:0.01430868105494042 9582836210:0.014196783402063182"
"662","9582836208","10.7785734","106.7024025","9582836209:0.016114627038575743 9582836207:0.01430868105494042"
"663","9582836209","10.7786717","106.7022941","9582836205:0.011796538537354346 9582836208:0.016114627038575743"
"664","9582836210","10.7785654","106.7022182","9582836206:0.0025121409061393644 9582836207:0.014196783402063182"
"665","9584932184","10.777839","106.702191","5608881062:9.35235249699246E-4 5742670249:0.02246463333778179"
"666","9586890717","10.7775105","106.7032428","2910808019:0.026191584570144196 2910808020:0.012148319528525459"
"667","9620571095","10.7790175","106.7027508","9620571096:0.0063681937154921936 9620571098:0.004472921682962353"
"668","9620571096","10.7790586","106.7027914","9620571097:0.004480770480274916 9620571095:0.0063681937154921936"
"669","9620571097","10.7790866","106.7027619","9620571098:0.006360591192336637 9620571096:0.004480770480274916"
"670","9620571098","10.7790455","106.7027214","9620571097:0.006360591192336637 9620571095:0.004472921682962353"
"671","9620571099","10.7789705","106.7029072","9620571100:0.007300546403581865 9620571102:0.009970021612207617"
"672","9620571100","10.7790185","106.7029528","9620571101:0.009977601389136385 9620571099:0.007300546403581865"
"673","9620571101","10.7790797","106.7028860","9620571102:0.007308679001391454 9620571100:0.009977601389136385"
"674","9620571102","10.7790316","106.7028404","9620571101:0.007308679001391454 9620571099:0.009970021612207617"
"675","9620675850","10.7789283","106.7008552","9620675853:0.011893243946674164 9620675851:0.012172074244161639"
"676","9620675851","10.7788545","106.7009375","9620675850:0.012172074244161639 9620675852:0.011893245270889896"
"677","9620675852","10.7787755","106.7008641","9620675851:0.011893245270889896 9620675853:0.01217207598803944"
"678","9620675853","10.7788493","106.7007818","9620675850:0.011893243946674164 9620675852:0.01217207598803944"
"679","9859389475","10.7808570","106.7049269","7529106402:0.03168984423148485 5743072763:0.003590240279663874"
"680","10079094390","10.7778748","106.7017784","10079094391:0.02661587351336429 11280903274:0.004829160128179118"
"681","10079094391","10.7777124","106.7019574","10079094390:0.02661587351336429 10079094392:0.06304469301643303"
"682","10079094392","10.7781289","106.7023490","10079094391:0.06304469301643303 11280903272:0.02661585363643139"
"683","10079094393","10.7782601","106.7021406","11280903272:0.004727512599748444 11280903274:0.05348800787328192 11280903274:0.05348800787328192 11280903275:0.02428470651285415"
"684","10081568848","10.7778563","106.7017494","7500135672:0.02387419998237272 7498848147:0.018664268675078553"
"685","10197868412","10.7764262","106.7014259","7498869354:0.07722003415275858 7498869337:0.008408358796764612"
"686","10588081305","10.777638","106.702196","5742670251:0.05857508447906312 7018017804:0.006487357836922905"
"687","10700203388","10.773616","106.705723","411925937:0.01056564445279324 10700203388:0.0 6747143920:0.08167367565960855"
"688","10700203391","10.773749","106.705578","411926031:0.07855873622430917 10700203391:0.0 411925937:0.011105520467149875"
"689","10828987444","10.7775580","106.7038241","411926702:0.00960855391406233 10828987447:0.0069433686520550646"
"690","10828987446","10.7777710","106.7037422","411926702:0.023072379597099367 3257659069:0.01972628584958727"
"691","10828987447","10.7775138","106.7037792","10828987444:0.0069433686520550646 2907818487:0.052437635250473666"
"692","11135427924","10.7769701","106.7015681","411926157:0.03861331731159533 7500135737:0.03687645692893559 7498869319:0.05199257797778929"
"693","11135427925","10.7769020","106.7016689","7498869319:0.051868381513092025 7498869320:0.006561718785041956"
"694","11140371367","10.7742525","106.7050468","5735791227:0.055815626789339455 411926031:0.002072945722411726"
"695","11280902058","10.7782224","106.7024311","1969392542:0.006393327258151965 1969392544:0.02041936462184279 1969392544:0.02041936462184279 11280902059:0.02156624914918566"
"696","11280902059","10.7783652","106.7025647","1969392545:0.02041987926156765 1969392543:0.006385286114588552 11280902058:0.02156624914918566 1969392545:0.02041987926156765"
"697","11280902060","10.7784933","106.7027383","3968627051:0.024868778578366592 11280902061:7.7599228296998E-4"
"698","11280902061","10.7784879","106.7027428","11280902060:7.7599228296998E-4 11280902062:9.611800825668778E-4"
"699","11280902062","10.7784794","106.7027444","11280902061:9.611800825668778E-4 3968627052:0.001061684935420999"
"700","11280902063","10.7784685","106.7027964","11280902065:0.0032632364879932848 11280902064:0.047557394260631755"
"701","11280902064","10.7781502","106.7025056","11280902063:0.047557394260631755 7500135678:0.07380760677422789"
"702","11280902065","10.7784959","106.7028071","11280902066:0.003055364179937507 11280902063:0.0032632364879932848"
"703","11280902066","10.7785233","106.7028050","11280902067:0.0025100394700749216 11280902065:0.003055364179937507"
"704","11280902067","10.7785412","106.7027910","11280902066:0.0025100394700749216"
"705","11280902068","10.7781284","106.7023590","11280903269:0.06446397657160781 11280903271:0.07902094981950401"
"706","11280903269","10.7777026","106.7019585","11280902068:0.06446397657160781 11280903270:0.07901298651382499"
"707","11280903270","10.7781848","106.7014272","11280903269:0.07901298651382499 11280903271:0.06445651648701654"
"708","11280903271","10.7786106","106.7018276","11280903270:0.06445651648701654 11280902068:0.07902094981950401"
"709","11280903272","10.7782913","106.7021700","10079094392:0.02661585363643139 10079094393:0.004727512599748444"
"710","11280903273","10.7780550","106.7016450","11280903276:0.004868490835575853 11280903275:0.05348723939709254 11280903274:0.02430029084965455 11280903275:0.05348723939709254"
"711","11280903274","10.7779067","106.7018084","10079094393:0.05348800787328192 10079094390:0.004829160128179118 11280903273:0.02430029084965455 10079094393:0.05348800787328192"
"712","11280903275","10.7784083","106.7019773","11280903273:0.05348723939709254 7498848146:0.004688938953810684 10079094393:0.02428470651285415 11280903273:0.05348723939709254"
"713","11280903276","10.7780228","106.7016148","7498848152:0.026607835143090845 11280903273:0.004868490835575853"
"714","11280903277","10.7781866","106.7014492","11280903278:0.06123659456116057 11280903280:0.0245017608175406"
"715","11280903278","10.7785904","106.7018304","11280903277:0.06123659456116057 11280903279:0.024509303852058354"
"716","11280903279","10.7784405","106.7019949","11280903278:0.024509303852058354 11280903280:0.06122845598079797"
"717","11280903280","10.7780368","106.7016137","11280903279:0.06122845598079797 11280903277:0.0245017608175406"
"718","11280903281","10.7778751","106.7017924","11280903282:0.061237351322985904 11280903284:0.02449376471620636"
"719","11280903282","10.7782790","106.7021735","11280903281:0.061237351322985904 11280903283:0.024517326987202864"
"720","11280903283","10.7781291","106.7023381","11280903282:0.024517326987202864 11280903284:0.061244066145097864"
"721","11280903284","10.7777253","106.7019568","11280903283:0.061244066145097864 11280903281:0.02449376471620636"
"722","11280903285","10.7781035","106.7017897","11280903286:0.025277984334806165 11280903288:0.008887683390630953"
"723","11280903286","10.7782706","106.7019466","11280903285:0.025277984334806165 11280903287:0.008903249204181021"
"724","11280903287","10.7782163","106.7020065","11280903286:0.008903249204181021 11280903288:0.025277223919846274"
"725","11280903288","10.7780493","106.7018495","11280903287:0.025277223919846274 11280903285:0.008887683390630953"
