"0","411917952","10.7825578","106.6955479","701738629:0.015960508531184643 4359559994:8.066166904146442E-4"
"1","411917955","10.7828100","106.6955444","411926599:0.016660046967922747 701738629:0.012430160954053146"
"2","411918058","10.7823722","106.6956817","11274969460:0.011801499631575877 10811927861:0.0047816532884740436 701738625:0.014825835769645329"
"3","411918060","10.7822827","106.6959745","701738625:0.019298192123085135 10727721994:0.005922292953618339"
"4","411918065","10.7830224","106.6957016","701738630:0.016722608038030252 411926599:0.012929790584447992"
"5","411918067","10.7830939","106.6959915","411919125:0.016720684074118537 1770193841:0.0895779796166597"
"6","411918071","10.7828350","106.6963286","6442018088:0.0020118947700894486 701738628:0.012702350112971005"
"7","411918072","10.7825251","106.6963210","2247625367:0.007956601463933118 701738627:0.017575788777940495"
"8","411918445","10.7825128","106.6968029","2687992894:2.4776766579542995E-5 1972761132:0.036230283792161554"
"9","411918451","10.7821448","106.6964447","1972761132:0.02038546745773505 411925946:0.07579224831273251 9584833437:0.025941457378499892"
"10","411918898","10.7823761","106.6962018","4533214290:0.011989015073287552 2247625367:0.013284401396340368 10811927859:0.005072878419981295"
"11","411919125","10.7830484","106.6961374","5544274221:4.7523783094059594E-4 411918067:0.016720684074118537"
"12","411925935","10.7846640","106.6978520","5772019367:0.07405259944987697"
"13","411925942","10.7814670","106.6948334","5778360103:0.06688419752680698 5778360095:0.02175319041032535"
"14","411925946","10.7816783","106.6969506","5772019369:0.14299994714891417 5778421270:0.12982126997002805 5778421270:0.12982126997002805 5235916721:0.01318916503565676 5772019369:0.14299994714891417 1770193953:0.08180032836953452 5234875661:0.04343674132691198 411918451:0.07579224831273251"
"15","411926212","10.7805422","106.6939507","10727644824:0.059279213339427414"
"16","411926523","10.7846634","106.6959835","6747228547:0.007558430785367655"
"17","411926578","10.7837928","106.6970271","6747201138:0.013616721257637679 6747201136:0.01712844710504255 6747201137:0.011152060879028008 6747201135:0.012304130316871867"
"18","411926580","10.7828823","106.6980764","5772019369:0.038786672900941885 5772019369:0.038786672900941885 6747204338:0.029905588293883643"
"19","411926597","10.7835820","106.6949460","9006208098:0.027749459807042402"
"20","411926599","10.7829425","106.6956156","5842295441:0.004169112111703378 411918065:0.012929790584447992 411917955:0.016660046967922747"
"21","411926604","10.7805243","106.6958645","5778421270:0.04493719662580745 2664205599:0.14228037309650077 5778421270:0.04493719662580745"
"22","474689371","10.7834880","106.6976860","474689409:0.005075362775967112 474689497:0.007255938058658789"
"23","474689409","10.7834540","106.6976550","474690018:0.013724913486490603 474689371:0.005075362775967112"
"24","474689460","10.7835750","106.6977670","474689497:0.005854000504897229 474689669:0.015143437669892831"
"25","474689497","10.7835360","106.6977310","474689371:0.007255938058658789 474689460:0.005854000504897229"
"26","474689536","10.7835670","106.6979830","474689669:0.018094522262770796 474689999:0.032320760237207154"
"27","474689669","10.7836760","106.6978600","474689460:0.015143437669892831 474689536:0.018094522262770796"
"28","474689999","10.7833510","106.6977850","474690007:9.352268456583689E-4 474689536:0.032320760237207154"
"29","474690007","10.7833450","106.6977790","474689999:9.352268456583689E-4 474690018:0.0044524651924806565"
"30","474690018","10.7833710","106.6977480","474690007:0.0044524651924806565 474689409:0.013724913486490603"
"31","701738625","10.7823058","106.6957994","411918058:0.014825835769645329 411918060:0.019298192123085135"
"32","701738626","10.7823152","106.6961065","10727721994:0.008942514794531143 4533214290:4.3153477130934557E-4"
"33","701738627","10.7826794","106.6963559","411918072:0.017575788777940495 4214863989:0.024392614734960218"
"34","701738628","10.7829349","106.6962722","411918071:0.012702350112971005 5842295399:0.021654423169452493"
"35","701738629","10.7826997","106.6955259","411917955:0.012430160954053146 411917952:0.015960508531184643"
"36","701738630","10.7830850","106.6958408","6520653696:0.0010110629588896273 411918065:0.016722608038030252"
"37","1769456883","10.7809029","106.6977915","1770193953:0.04417996176606032"
"38","1770193799","10.7827491","106.6980182","1770193803:0.003059580278009677 1770193971:0.0035172583965918792"
"39","1770193800","10.7826699","106.6981308","1770193949:0.0097525338948323 1770193853:0.00746512255197724"
"40","1770193803","10.7827411","106.6980450","1770193853:0.004811463185464202 1770193799:0.003059580278009677"
"41","1770193808","10.7811853","106.6976065","1770193914:0.08960516360197562 1770193912:0.029971297160765225"
"42","1770193818","10.782262","106.697499","9671017352:0.002961556974031017 1770193906:0.014044539373884215"
"43","1770193823","10.7825914","106.6978234","1770193917:0.052102618931179456 1770193914:0.1319371767122741"
"44","1770193824","10.7819638","106.6976649","1770193908:0.01829130228295936 1770193878:0.01501902985678591"
"45","1770193838","10.7823271","106.6979002"," "
"46","1770193841","10.782295","106.695886","411918067:0.0895779796166597 1969579902:0.08800834763564519"
"47","1770193845","10.7821366","106.6978259","1770193961:0.014690594766577407 1770193908:0.0077580956361992795"
"48","1770193847","10.7816159","106.6977341"," "
"49","1770193849","10.7813723","106.6975356","1770193895:0.0697209077855195 1770193946:0.04967814823908917"
"50","1770193853","10.7827147","106.6980799","1770193800:0.00746512255197724 1770193803:0.004811463185464202"
"51","1770193856","10.7828616","106.6973067","1770193862:0.023902751180901016 1770193873:0.017248070318326175"
"52","1770193859","10.7817567","106.6980145","1770193959:0.040773593769218505 1770193985:0.02242242570707784"
"53","1770193862","10.7827029","106.6971591","1770193886:0.045631142173546295 1770193856:0.023902751180901016"
"54","1770193866","10.7817934","106.6975145","1770193888:0.03824629714505576 1770193875:0.014938513420989532"
"55","1770193873","10.7827570","106.6974233","1770193856:0.017248070318326175 1770193944:0.005181634434619183"
"56","1770193875","10.7818884","106.6974178","1770193866:0.014938513420989532 1770193946:0.03148230381485445"
"57","1770193877","10.7820610","106.6979793","1770193985:0.027803341461808944 1770193917:0.03156509119964937"
"58","1770193878","10.7820547","106.6975632","1770193961:0.02636758395820082 1770193824:0.01501902985678591"
"59","1770193886","10.7824262","106.6974676","1770193862:0.045631142173546295 1770193913:0.0408062271878479"
"60","1770193888","10.7820366","106.6977621","1770193895:0.03473188078201034 1770193866:0.03824629714505576"
"61","1770193893","10.7816320","106.6975512"," "
"62","1770193895","10.7818157","106.6979869","1770193849:0.0697209077855195 1770193888:0.03473188078201034"
"63","1770193906","10.782355","106.697586","1770193818:0.014044539373884215 1770193965:0.002262865357337029"
"64","1770193908","10.7820860","106.6977770","1770193845:0.0077580956361992795 1770193824:0.01829130228295936"
"65","1770193912","10.7809986","106.6978044","1770193808:0.029971297160765225 1770193959:0.0777380916920972"
"66","1770193913","10.7826972","106.6977195","9439529070:0.01011354158344504 1770193886:0.0408062271878479"
"67","1770193914","10.7817254","106.6969977","1770193823:0.1319371767122741 1770193808:0.08960516360197562"
"68","1770193917","10.7822721","106.6981725","1770193877:0.03156509119964937 1770193823:0.052102618931179456"
"69","1770193942","10.7826983","106.6979498","1770193971:0.006895173549161422 1770193949:0.016537875366008068"
"70","1770193944","10.7827914","106.6974553","1770193873:0.005181634434619183 9439529069:0.018262018201945136"
"71","1770193946","10.7816882","106.6972140","1770193875:0.03148230381485445 1770193849:0.04967814823908917"
"72","1770193949","10.7826066","106.6980690","1770193800:0.0097525338948323 1770193942:0.016537875366008068"
"73","1770193953","10.7811744","106.6974962","1769456883:0.04417996176606032 411925946:0.08180032836953452"
"74","1770193959","10.7815095","106.6982902","1770193859:0.040773593769218505 1770193912:0.0777380916920972"
"75","1770193961","10.7822276","106.6977284","1770193878:0.02636758395820082 1770193845:0.014690594766577407"
"76","1770193965","10.78237","106.6976","1770193906:0.002262865357337029"
"77","1770193971","10.7827491","106.6979860","1770193799:0.0035172583965918792 1770193942:0.006895173549161422"
"78","1770193985","10.7818919","106.6981668","1770193859:0.02242242570707784 1770193877:0.027803341461808944"
"79","1770193986","10.7819348","106.6975275"," "
"80","1969579542","10.7840054","106.6970206","6790795377:0.011685795817027968 6747201134:0.013912678154319486"
"81","1969579552","10.7840766","106.6968425","1969579798:0.005099146456364608 1969579913:0.019062135534777536"
"82","1969579554","10.7831702","106.6982440","1969579689:0.019627237050053804 1969579707:0.025254349911584702"
"83","1969579574","10.7832579","106.6954240","2687992885:0.0074154647779581286 1969579802:0.004074899288613892 1969579802:0.004074899288613892 1969579764:0.003409095213334821"
"84","1969579591","10.7834592","106.6952437","1969579592:0.01762418413902211 2687992882:0.01587697565407528"
"85","1969579592","10.7835757","106.6953531","1969579591:0.01762418413902211 2687992886:0.004757347770070738"
"86","1969579631","10.783122","106.695427","1969579682:0.007324828128613849 1969579649:0.004911344339454879"
"87","1969579649","10.783152","106.695394","1969579631:0.004911344339454879 9006208098:0.040670304370789695"
"88","1969579659","10.78409","106.696887","6790795374:0.011465242129356313 6790795375:0.015071981155073293"
"89","1969579668","10.7831571","106.6955941","1969579802:0.021302183778721017 1969579674:0.028314532362566494 1969579802:0.021302183778721017 1969579800:0.009181109159661464"
"90","1969579674","10.7833445","106.6957696","1969579668:0.028314532362566494 1969579678:0.020887740639116196"
"91","1969579678","10.7834715","106.6956287","1969579709:0.005759581781311311 1969579674:0.020887740639116196"
"92","1969579682","10.783076","106.695475","5842295441:0.01719036106741503 1969579631:0.007324828128613849"
"93","1969579689","10.7832907","106.6981127","1969579554:0.019627237050053804 1969580035:0.025255012272434197"
"94","1969579707","10.7830043","106.6980861","1969579554:0.025254349911584702 1969580035:0.019611670055690558"
"95","1969579709","10.7834345","106.6955918","1969579678:0.005759581781311311 1969579802:0.02278774070170026 1969579802:0.02278774070170026 2687992887:0.02491459045210441"
"96","1969579760","10.7830556","106.6956057","1969579800:0.007351930404783107 1969579764:0.029848208402299018"
"97","1969579764","10.7832354","106.6954028","1969579760:0.029848208402299018 1969579574:0.003409095213334821"
"98","1969579798","10.7841076","106.6968081","1969579552:0.005099146456364608 1969579970:0.019069522230043035 2039448718:0.06323595428113005 1969579970:0.019069522230043035"
"99","1969579800","10.7831004","106.6956552","1969579668:0.009181109159661464 1969579760:0.007351930404783107"
"100","1969579802","10.7832851","106.6954490","1969579709:0.02278774070170026 1969579668:0.021302183778721017 1969579574:0.004074899288613892 1969579709:0.02278774070170026 1969579574:0.004074899288613892 1969579668:0.021302183778721017"
"101","1969579902","10.783086","106.695858","1770193841:0.08800834763564519 6520653696:8.738520399113428E-4"
"102","1969579913","10.7842029","106.6969605","1969579552:0.019062135534777536 1969579970:0.005091101432418906"
"103","1969579933","10.7823436","106.6950314","1969580031:0.04463861680788571 1969580012:0.018214368302134715"
"104","1969579970","10.7842339","106.6969262","1969579913:0.005091101432418906 1969579798:0.019069522230043035 1969579798:0.019069522230043035 2039448538:0.017556021132836813"
"105","1969579997","10.7827470","106.6951839","2687992859:0.013983044250849811 1969580031:0.017325563603062675"
"106","1969580012","10.7823396","106.6951981","1969579933:0.018214368302134715 2687992862:0.023321876547980267"
"107","1969580031","10.7827450","106.6950253","1969579933:0.04463861680788571 1969579997:0.017325563603062675"
"108","1969580035","10.7831247","106.6979549","1969579707:0.019611670055690558 1969579689:0.025255012272434197"
"109","1969580038","10.782661","106.696352","5842295399:0.010277061351260167 2036596690:0.03870233710032624"
"110","1972761065","10.7821307","106.6952373","1972761087:0.05887659828206911 1972761160:0.04274755702168632"
"111","1972761087","10.7817321","106.6948825","1972761153:0.04486425456871177 1972761065:0.05887659828206911"
"112","1972761132","10.782277","106.696574","411918445:0.036230283792161554 411918451:0.02038546745773505"
"113","1972761153","10.7820111","106.6945858","1972761087:0.04486425456871177 1972761160:0.05826286515996885"
"114","1972761160","10.7823929","106.6949511","1972761065:0.04274755702168632 1972761153:0.05826286515996885"
"115","2036596231","10.7817376","106.6953840","10727721966:0.02975423720080874 2036596350:0.014225252529310521 2036596350:0.014225252529310521 10727721966:0.02975423720080874"
"116","2036596321","10.7845708","106.6959974","2036596332:0.0024267904671202655 2036596532:0.0023331719923312634"
"117","2036596332","10.7845653","106.6959759","2036596334:0.002493741901808582 2036596321:0.0024267904671202655"
"118","2036596334","10.7845538","106.6959563","2036596582:0.03332219555836531 2036596332:0.002493741901808582"
"119","2036596338","10.7813493","106.6951923","2036596360:0.009431725584274341 10727721970:0.005568234279365999"
"120","2036596350","10.7816502","106.6954791","2037755997:0.029683791896499574 2036596231:0.014225252529310521 2036596231:0.014225252529310521 2037755997:0.029683791896499574"
"121","2036596360","10.7814072","106.6951292","2036596368:0.006679738545182092 2036596338:0.009431725584274341"
"122","2036596368","10.7814672","106.6951262","10727721966:0.011440652889000856 2036596360:0.006679738545182092"
"123","2036596497","10.7840801","106.6960556","2036596609:0.03849577732882755 2036596582:0.04497722984394726"
"124","2036596532","10.7845637","106.6960175","2036596321:0.0023331719923312634 2036596609:0.03885960597213419"
"125","2036596582","10.7843413","106.6957412","2036596334:0.03332219555836531 2036596497:0.04497722984394726"
"126","2036596609","10.7843388","106.6962898","2036596532:0.03885960597213419 2036596497:0.03849577732882755"
"127","2036596690","10.7829895","106.6962349","5544274221:0.012027998747185412 5842295442:0.003871185376287686 1969580038:0.03870233710032624"
"128","2037755997","10.7814553","106.6952934","10727721970:0.010583594536386007 2036596350:0.029683791896499574 10727721970:0.010583594536386007 2036596350:0.029683791896499574"
"129","2039448538","10.7843502","106.6970349","1969579970:0.017556021132836813 2039448650:0.0028982706398450924"
"130","2039448568","10.7832335","106.6966944","2039448570:0.05901161925526841 9439529054:0.015827038787784232"
"131","2039448570","10.7836160","106.6970689","2039448568:0.05901161925526841 2039448694:0.027290271703490982"
"132","2039448587","10.7847398","106.6966111","2039448718:0.039664290454026106 2039448650:0.06302913869410091"
"133","2039448647","10.783566","106.696801","5582484321:0.010914864876989729 3474053321:0.025957757138540864"
"134","2039448650","10.7843717","106.6970499","2039448538:0.0028982706398450924 2039448587:0.06302913869410091"
"135","2039448694","10.7834459","106.6972490","9439529056:0.019894240417243383 2039448570:0.027290271703490982"
"136","2039448695","10.7830916","106.6968932","9439529053:0.010761783575314833 9439529055:0.011030588950059343"
"137","2039448718","10.7844758","106.6963669","2039448587:0.039664290454026106 1969579798:0.06323595428113005"
"138","2247625367","10.7824624","106.6962859","411918898:0.013284401396340368 411918072:0.007956601463933118"
"139","2664205599","10.7795752","106.6949909","411926604:0.14228037309650077"
"140","2687992836","10.7834224","106.6949022","2687992851:0.05922505996717927 11074440874:0.0712215540772011"
"141","2687992850","10.7829193","106.6951692","10873408550:0.020126778148361276 10873408547:0.009391861095804853"
"142","2687992851","10.7830651","106.6953043","11001016177:0.0016959661963473567 2687992836:0.05922505996717927"
"143","2687992856","10.7829261","106.6954755","10873408531:0.023318286582281536 2687992857:0.011338424666468493"
"144","2687992857","10.7828483","106.6954084","2687992856:0.011338424666468493 10873408532:0.022828755642347952"
"145","2687992859","10.7826213","106.6951876","2687992860:0.004483479107017255 1969579997:0.013983044250849811"
"146","2687992860","10.7826232","106.6952286","2687992861:0.008006845474139246 2687992859:0.004483479107017255"
"147","2687992861","10.7825513","106.6952326","2687992862:0.004222204467285867 2687992860:0.008006845474139246"
"148","2687992862","10.7825493","106.6951940","1969580012:0.023321876547980267 2687992861:0.004222204467285867"
"149","2687992865","10.7826122","106.6947888","2687992866:0.0039210692950656136 2687992880:0.01984334646925859"
"150","2687992866","10.7825882","106.6948151","2687992865:0.0039210692950656136 10873408529:0.004477464649936767"
"151","2687992869","10.7824679","106.6949866","10873408530:0.007448876112000636 2687992870:0.017546959202209486"
"152","2687992870","10.7825754","106.6948690","2687992869:0.017546959202209486 10873408552:0.016871938918984572"
"153","2687992880","10.7827428","106.6949126","10873408552:0.009190539798821083 2687992865:0.01984334646925859"
"154","2687992882","10.7833669","106.6953546","1969579591:0.01587697565407528 2687992883:0.014416468299417605"
"155","2687992883","10.7834637","106.6954424","2687992882:0.014416468299417605 2687992884:0.005998140639955054"
"156","2687992884","10.7834304","106.6954856","2687992883:0.005998140639955054 2687992885:0.019087698424553413"
"157","2687992885","10.7833003","106.6953716","2687992884:0.019087698424553413 1969579574:0.0074154647779581286"
"158","2687992886","10.7835470","106.6953854","2687992887:0.00451967029400746 1969579592:0.004757347770070738"
"159","2687992887","10.7835757","106.6954147","1969579709:0.02491459045210441 2687992886:0.00451967029400746"
"160","2687992890","10.7836903","106.6951881","2687992891:0.013277105882519407 2687992893:0.01358692589002569"
"161","2687992891","10.7836133","106.6952810","2687992890:0.013277105882519407 2687992892:0.013593972735289828"
"162","2687992892","10.7835199","106.6952007","2687992891:0.013593972735289828 2687992893:0.01326876169468483"
"163","2687992893","10.7835969","106.6951079","2687992892:0.01326876169468483 2687992890:0.01358692589002569"
"164","2687992894","10.782513","106.696803","6315687803:0.0 411918445:2.4776766579542995E-5"
"165","2692278456","10.7838107","106.6954095","2692278466:0.006319996059645748 2692278463:0.009904211058242149"
"166","2692278457","10.7836938","106.6955668","2692278468:0.012827035033663862 2692278458:0.015678412373909607"
"167","2692278458","10.7835944","106.6954650","2692278457:0.015678412373909607 2692278459:0.014237552687414789"
"168","2692278459","10.7836852","106.6953731","2692278458:0.014237552687414789 2692278461:0.0027585383565953366"
"169","2692278461","10.7837027","106.6953910","2692278459:0.0027585383565953366 2692278463:0.007091453596325315"
"170","2692278463","10.7837479","106.6953452","2692278461:0.007091453596325315 2692278456:0.009904211058242149"
"171","2692278466","10.7837704","106.6954503","2692278456:0.006319996059645748 2692278468:0.0037262285115940387"
"172","2692278468","10.7837756","106.6954840","2692278466:0.0037262285115940387 2692278457:0.012827035033663862"
"173","2692278470","10.7839561","106.6954738","2692278472:0.039726415595565966 2692278477:0.006330375727512745"
"174","2692278472","10.7837268","106.6957527","2692278470:0.039726415595565966 2692278473:0.012937029272866198"
"175","2692278473","10.7836439","106.6956696","2692278472:0.012937029272866198 2692278474:0.005597324103924684 2692278478:0.02227250806020046 2692278474:0.005597324103924684"
"176","2692278474","10.7836781","106.6956320","2692278473:0.005597324103924684 2692278475:0.004685393909222246 2692278479:0.022268572497899364 2692278473:0.005597324103924684"
"177","2692278475","10.7837110","106.6956588","2692278474:0.004685393909222246 2692278476:0.0023462129521627227"
"178","2692278476","10.7837321","106.6956588","2692278475:0.0023462129521627227 2692278477:0.031730025542249664"
"179","2692278477","10.7839139","106.6954349","2692278476:0.031730025542249664 2692278470:0.006330375727512745"
"180","2692278478","10.7835016","106.6955261","2692278473:0.02227250806020046 2692278479:0.005386905695050159"
"181","2692278479","10.7835345","106.6954899","2692278478:0.005386905695050159 2692278474:0.022268572497899364"
"182","2926903601","10.7836630","106.6951180"," "
"183","3347875800","10.7826944","106.6977885","3347875802:0.014588795244746282 3347875801:0.01516731773312612"
"184","3347875801","10.7827832","106.6976831","3347875800:0.01516731773312612 3347875803:0.0036706275141236656"
"185","3347875802","10.7827877","106.6978824","3347875804:0.0076999010490995745 3347875800:0.014588795244746282"
"186","3347875803","10.7828159","106.6976877","3347875801:0.0036706275141236656 3347875805:0.004068368523735016"
"187","3347875804","10.7828338","106.6979350","3347875806:0.004607054316015682 3347875802:0.0076999010490995745"
"188","3347875805","10.7828507","106.6976992","3347875803:0.004068368523735016 3347875808:0.022223613768423158"
"189","3347875806","10.7828620","106.6979041","3347875807:0.006908458577847332 3347875804:0.004607054316015682"
"190","3347875807","10.7829081","106.6979465","3347875808:0.015628822414980086 3347875806:0.006908458577847332"
"191","3347875808","10.7829981","106.6978366","3347875807:0.015628822414980086 3347875805:0.022223613768423158"
"192","3474053321","10.783398","106.696636","2039448647:0.025957757138540864 5772019371:0.015814532301924943"
"193","3474054214","10.7835560","106.6972911","6345357685:0.010843430346273126 9584806613:0.019665253841119473"
"194","4214863989","10.782891","106.696297","701738627:0.024392614734960218 6442018088:0.005108295480362912"
"195","4274875289","10.783155","106.6963","5772019360:0.008051396443556272 5772019359:0.04480503168070214"
"196","4359559994","10.782565","106.695547","411917952:8.066166904146442E-4 11274969460:0.01449808148714446"
"197","4533214290","10.782317","106.69611","701738626:4.3153477130934557E-4 411918898:0.011989015073287552"
"198","4600899813","10.7828639","106.6960113","4600899830:0.021041419417284404 4600899817:0.02104361199503447"
"199","4600899814","10.7823999","106.6958373","4600899821:0.021041432082178856 4600899823:0.02104364387730676"
"200","4600899817","10.7828564","106.6958188","4600899813:0.02104361199503447 4600899818:0.021040707480045523"
"201","4600899818","10.7827174","106.6956881","4600899817:0.021040707480045523 4600899821:0.021043775691851105"
"202","4600899821","10.7825283","106.6956958","4600899818:0.021043775691851105 4600899814:0.021041432082178856"
"203","4600899823","10.7824074","106.6960298","4600899824:0.02104071746147211 4600899814:0.02104364387730676"
"204","4600899824","10.7825464","106.6961605","4600899823:0.02104071746147211 4600899830:0.021043775689890673"
"205","4600899830","10.7827355","106.6961528","4600899824:0.021043775689890673 4600899813:0.021041419417284404"
"206","4607172789","10.783208","106.696452","5772019371:0.013347776121481912 8995419784:0.00366518947479286"
"207","4893535422","10.782145","106.696445","5234875661:0.03234687053097589"
"208","5234875652","10.7820426","106.6957691","5234875653:0.029005635046032423 5234875660:0.01204757512305847"
"209","5234875653","10.7817818","106.6957637","5234875652:0.029005635046032423 5234875654:0.003161804595888876"
"210","5234875654","10.7817923","106.6957906","5234875653:0.003161804595888876 5234875655:0.014358074100903584"
"211","5234875655","10.7816632","106.6957932","5234875654:0.014358074100903584 5234875656:0.016701576079985167"
"212","5234875656","10.7816632","106.6959461","5234875655:0.016701576079985167 5234875657:0.014114632809341358"
"213","5234875657","10.7817897","106.6959354","5234875656:0.014114632809341358 5234875658:0.003986979156018212"
"214","5234875658","10.7818002","106.6959703","5234875657:0.003986979156018212 5234875659:0.02754456229783254"
"215","5234875659","10.7820479","106.6959676","5234875658:0.02754456229783254 5234875660:0.009671343617186192"
"216","5234875660","10.7820505","106.6958791","5234875659:0.009671343617186192 5234875652:0.01204757512305847"
"217","5234875661","10.781946","106.696661","411925946:0.04343674132691198 4893535422:0.03234687053097589"
"218","5235916721","10.781765","106.697033","411925946:0.01318916503565676 5313354622:0.017086357146431287"
"219","5313354223","10.7816655","106.6970957"," "
"220","5313354622","10.781878","106.697139","5235916721:0.017086357146431287 6590947985:0.0016398912823358033"
"221","5404586822","10.781958","106.697214","5664247924:7.79357476464412E-4 9584833438:0.023407575346927962"
"222","5544274221","10.783046","106.696141","2036596690:0.012027998747185412 411919125:4.7523783094059594E-4"
"223","5559122031","10.7831482","106.6957302","5559122032:0.0048362451353639235 5559122035:0.0067118774425026255"
"224","5559122032","10.7831916","106.6957273","5559122031:0.0048362451353639235 5559122033:0.002301170674938182"
"225","5559122033","10.7832015","106.6957458","5559122032:0.002301170674938182 5559122034:0.005478469048245152"
"226","5559122034","10.7831992","106.6957959","5559122033:0.005478469048245152 5559122035:0.00498468305212993"
"227","5559122035","10.7831546","106.6957913","5559122034:0.00498468305212993 5559122031:0.0067118774425026255"
"228","5559122036","10.7832007","106.6958097","5559122037:0.004926953858728514 5559122040:2.741894187728354E-4"
"229","5559122037","10.7832014","106.6958548","5559122036:0.004926953858728514 5559122038:0.005572161445109833"
"230","5559122038","10.7831513","106.6958559","5559122037:0.005572161445109833 5559122039:0.005701980893854213"
"231","5559122039","10.7831516","106.6958037","5559122038:0.005701980893854213 5559122040:0.005691271288500737"
"232","5559122040","10.7832026","106.6958081","5559122039:0.005691271288500737 5559122036:2.741894187728354E-4"
"233","5582484321","10.783637","106.69687","6747201135:0.012081646694838966 2039448647:0.010914864876989729"
"234","5664247924","10.781953","106.697209","6590947985:0.009674607558151298 5404586822:7.79357476464412E-4"
"235","5772019359","10.7834299","106.6960001","4274875289:0.04480503168070214"
"236","5772019360","10.7831054","106.6963537","4274875289:0.008051396443556272 8995419784:0.01200162482337632 5842295442:0.0144377465108512"
"237","5772019367","10.7841695","106.6973979","411925935:0.07405259944987697 6790795378:0.03004237991364506"
"238","5772019369","10.7826237","106.6978381","411926580:0.038786672900941885 411925946:0.14299994714891417 411925946:0.14299994714891417 411926580:0.038786672900941885"
"239","5772019370","10.7837629","106.6959511","9671375217:0.0722934879932081"
"240","5772019371","10.7832961","106.6965350","9671375217:0.009938955194284747 3474053321:0.015814532301924943 4607172789:0.013347776121481912"
"241","5778360095","10.7813240","106.6946975","411925942:0.02175319041032535 10727644824:0.0599339312692775"
"242","5778360103","10.7819134","106.6952438","10811927861:0.0651513365948363 411925942:0.06688419752680698"
"243","5778421270","10.7808212","106.6961436","411925946:0.12982126997002805 411926604:0.04493719662580745 411926604:0.04493719662580745 411925946:0.12982126997002805"
"244","5842294972","10.7824755","106.6959182","5842294973:0.0045275365620589085 5842294979:0.002634869097644867"
"245","5842294973","10.7825043","106.6958889","5842294972:0.0045275365620589085 5842294974:0.0061501748666160155"
"246","5842294974","10.7825594","106.6958840","5842294973:0.0061501748666160155 5842294975:0.004190845829821363"
"247","5842294975","10.7825918","106.6959036","5842294974:0.004190845829821363 5842294976:0.0025373250831960247"
"248","5842294976","10.7825942","106.6959267","5842294975:0.0025373250831960247 5842294977:0.0032574148455825997"
"249","5842294977","10.7825702","106.6959438","5842294976:0.0032574148455825997 5842294978:0.0049424873502981895"
"250","5842294978","10.7825259","106.6959475","5842294977:0.0049424873502981895 5842295400:0.0015473484397293834"
"251","5842294979","10.7824875","106.6959390","5842295400:0.002822317524958934 5842294972:0.002634869097644867"
"252","5842294980","10.7824633","106.6956499","5842295398:0.013147509704058067 5842294981:0.012366954935584224"
"253","5842294981","10.7825578","106.6955902","5842294980:0.012366954935584224 5842294982:0.012372056586788749"
"254","5842294982","10.7826660","106.6955638","5842294981:0.012372056586788749 5842294983:0.012377892657299744"
"255","5842294983","10.7827769","106.6955736","5842294982:0.012377892657299744 5842294984:0.01236708384707016"
"256","5842294984","10.7828790","106.6956185","5842294983:0.01236708384707016 5842295385:0.012362468178409856"
"257","5842295385","10.7829620","106.6956938","5842294984:0.012362468178409856 5842295386:0.012379059175341203"
"258","5842295386","10.7830174","106.6957921","5842295385:0.012379059175341203 5842295394:0.012360518900621535"
"259","5842295387","10.7829017","106.6961997","5842295396:0.012367689740564836 5842295388:0.013150368504896147"
"260","5842295388","10.7827966","106.6962549","5842295387:0.013150368504896147 5842295389:0.013140617464233489"
"261","5842295389","10.7826795","106.6962711","5842295388:0.013140617464233489 5842295390:0.013153762611437221"
"262","5842295390","10.7825637","106.6962465","5842295389:0.013153762611437221 5842295391:0.01314477685996442"
"263","5842295391","10.7824628","106.6961838","5842295390:0.01314477685996442 5842295392:0.013141948985636682"
"264","5842295392","10.7823883","106.6960904","5842295391:0.013141948985636682 5842295393:0.013152832216505789"
"265","5842295393","10.7823488","106.6959769","5842295392:0.013152832216505789 5842295397:0.01314058693949989"
"266","5842295394","10.7830395","106.6959030","5842295386:0.012360518900621535 5842295395:0.012378550407801335"
"267","5842295395","10.7830261","106.6960155","5842295394:0.012378550407801335 5842295396:0.012364524522212464"
"268","5842295396","10.7829785","106.6961178","5842295395:0.012364524522212464 5842295387:0.012367689740564836"
"269","5842295397","10.7823489","106.6958566","5842295398:0.01314998548698961 5842295393:0.01314058693949989"
"270","5842295398","10.7823886","106.6957432","5842295397:0.01314998548698961 5842294980:0.013147509704058067"
"271","5842295399","10.782753","106.696343","701738628:0.021654423169452493 1969580038:0.010277061351260167"
"272","5842295400","10.7825123","106.6959445","5842294978:0.0015473484397293834 5842294979:0.002822317524958934 5842295401:0.016441926746849078"
"273","5842295401","10.7824083","106.6960515","5842295400:0.016441926746849078 5842295409:0.011046591678199252 5842295410:8.308792121439424E-4"
"274","5842295402","10.7829260","106.6957034","5842295420:0.011890323623012664 5842295403:0.010981124798209969"
"275","5842295403","10.7828492","106.6956402","5842295402:0.010981124798209969 5842295404:0.010986930894071534"
"276","5842295404","10.7827569","106.6956043","5842295403:0.010986930894071534 5842295405:0.010976876625176895"
"277","5842295405","10.7826583","106.6955994","5842295404:0.010976876625176895 5842295406:0.010985113987008617"
"278","5842295406","10.7825630","106.6956259","5842295405:0.010985113987008617 5842295445:0.00550880259635154"
"279","5842295407","10.7824805","106.6956812","5842295445:0.005474934727121237 5842295408:0.010983164298802053"
"280","5842295408","10.7824189","106.6957598","5842295407:0.010983164298802053 5842295417:0.01098537978180034"
"281","5842295409","10.7823802","106.6959545","5842295417:0.010987254412033264 5842295401:0.011046591678199252 5842295494:0.011689769230000454"
"282","5842295410","10.7824104","106.6960588","5842295401:8.308792121439424E-4 5842295411:0.011889957170371921"
"283","5842295411","10.7824732","106.6961469","5842295410:0.011889957170371921 5842295451:0.006790223961546942"
"284","5842295412","10.7825614","106.6962084","5842295451:0.005097297964029557 5842295413:0.011881051989887917"
"285","5842295413","10.7826647","106.6962362","5842295412:0.011881051989887917 5842295414:0.011894076408592573"
"286","5842295414","10.7827713","106.6962272","5842295413:0.011894076408592573 5842295415:0.011884626260161405"
"287","5842295415","10.7828687","106.6961824","5842295414:0.011884626260161405 5842295416:0.011880264914434795"
"288","5842295416","10.7829457","106.6961070","5842295415:0.011880264914434795 5842295418:0.01188797564039403"
"289","5842295417","10.7823843","106.6958540","5842295408:0.01098537978180034 5842295409:0.010987254412033264"
"290","5842295418","10.7829934","106.6960096","5842295419:0.011885239456863348 5842295416:0.01188797564039403"
"291","5842295419","10.7830064","106.6959016","5842295418:0.011885239456863348 5842295420:0.011877959797731699"
"292","5842295420","10.7829830","106.6957955","5842295419:0.011877959797731699 5842295402:0.011890323623012664"
"293","5842295421","10.7829382","106.6955609","5842295422:0.015100731671334036 5842295441:0.0044921014794395515"
"294","5842295422","10.7828152","106.6955023","5842295421:0.015100731671334036 5842295423:0.015107061264858756"
"295","5842295423","10.7826806","106.6954835","5842295422:0.015107061264858756 5842295424:0.015106822392478195"
"296","5842295424","10.7825466","106.6955063","5842295423:0.015106822392478195 5842295425:0.015107432939073311"
"297","5842295425","10.7824253","106.6955686","10811927861:0.013087599491359559 5842295424:0.015107432939073311"
"298","5842295426","10.7823277","106.6956647","5842295427:0.015107855246444634 10811927861:0.002011079052654971"
"299","5842295427","10.7822626","106.6957861","5842295426:0.015107855246444634 5842295428:0.015097929738915999"
"300","5842295428","10.7822358","106.6959216","5842295427:0.015097929738915999 5842295429:0.015110699483516824"
"301","5842295429","10.7822498","106.6960592","5842295428:0.015110699483516824 5842295430:0.015104220640958269"
"302","5842295430","10.7823033","106.6961863","5842295429:0.015104220640958269 10811927859:0.0070141824113892585"
"303","5842295431","10.7823915","106.6962914","10811927859:0.008084869426525261 5842295432:0.01634274247573734"
"304","5842295432","10.7825168","106.6963696","5842295431:0.01634274247573734 5842295433:0.016341702018317673"
"305","5842295433","10.7826601","106.6964028","5842295432:0.016341702018317673 5842295434:0.01634349794673767"
"306","5842295434","10.7828063","106.6963874","5842295433:0.01634349794673767 5842295435:0.016344682704091916"
"307","5842295435","10.7829399","106.6963250","5842295442:0.010526017344946391 5842295434:0.016344682704091916"
"308","5842295436","10.7830468","106.6962223","5842295437:0.016332044548332376 5842295442:0.005850475590611437"
"309","5842295437","10.7831156","106.6960902","5842295436:0.016332044548332376 5842295438:0.016345518055757225"
"310","5842295438","10.7831392","106.6959425","5842295437:0.016345518055757225 5842295439:0.016345587532196202"
"311","5842295439","10.7831150","106.6957949","5842295438:0.016345587532196202 5842295440:0.016339768995312535"
"312","5842295440","10.7830455","106.6956631","5842295439:0.016339768995312535 5842295441:0.011850014714158637"
"313","5842295441","10.7829685","106.6955881","411926599:0.004169112111703378 1969579682:0.01719036106741503 5842295440:0.011850014714158637 5842295421:0.0044921014794395515"
"314","5842295442","10.7830117","106.6962622","5842295435:0.010526017344946391 5842295436:0.005850475590611437 5772019360:0.0144377465108512 2036596690:0.003871185376287686"
"315","5842295445","10.7825216","106.6956536","5842295406:0.00550880259635154 5842295407:0.005474934727121237 5842295446:0.023584082610254044"
"316","5842295446","10.7827333","106.6956668","5842295445:0.023584082610254044 5842295447:0.023300941581779824"
"317","5842295447","10.7828879","106.6958108","5842295446:0.023300941581779824 5842295452:0.010136909870381067"
"318","5842295448","10.7828891","106.6960171","5842295467:0.0065321334489271445 5842295449:0.009108352811182552"
"319","5842295449","10.7828604","106.6960952","5842295448:0.009108352811182552 5842295450:0.018190020562315896"
"320","5842295450","10.7827153","106.6961721","5842295449:0.018190020562315896 5842295482:0.010799726745009477"
"321","5842295451","10.7825236","106.6961820","5842295411:0.006790223961546942 5842295412:0.005097297964029557 5842295482:0.010543753460310619"
"322","5842295452","10.7828885","106.6959036","5842295447:0.010136909870381067 5842295467:0.005865830514973211 5842295455:0.010541776784062123"
"323","5842295455","10.7828020","106.6958641","5842295452:0.010541776784062123 5842295456:0.002266611982957059 5842295465:0.007162509535019356"
"324","5842295456","10.7827824","106.6958584","5842295455:0.002266611982957059 5842295468:0.002150977818902202"
"325","5842295458","10.7826891","106.6958479","5842295468:0.008286912295663104 5842295459:0.0029783672555830152"
"326","5842295459","10.7826625","106.6958511","5842295458:0.0029783672555830152 5842295460:0.003218371096162226"
"327","5842295460","10.7826347","106.6958593","5842295459:0.003218371096162226 10800768717:0.002959735785327598"
"328","5842295461","10.7825942","106.6958877","10800768717:0.0025398655189211327 5842295462:0.0026540616295837646"
"329","5842295462","10.7825792","106.6959066","5842295461:0.0026540616295837646 5842295463:0.0034611087983130347"
"330","5842295463","10.7825652","106.6959349","5842295462:0.0034611087983130347 5842295478:0.00682996208392482 5842295491:0.005425638025251415"
"331","5842295465","10.7828508","106.6959069","5842295455:0.007162509535019356 10800768720:0.002244322689762706"
"332","5842295466","10.7828759","106.6959353","10800768720:0.0019358372658549428 5842295467:0.002798644209833309"
"333","5842295467","10.7828888","106.6959573","5842295452:0.005865830514973211 5842295448:0.0065321334489271445 5842295466:0.002798644209833309"
"334","5842295468","10.7827632","106.6958560","5842295456:0.002150977818902202 5842295458:0.008286912295663104 5842295469:0.004070205744272547 5842295483:0.005900996182553967"
"335","5842295469","10.7827879","106.6958835","5842295468:0.004070205744272547 5842295470:0.0034756734454267765"
"336","5842295470","10.7828018","106.6959120","5842295469:0.0034756734454267765 5842295471:0.0034138471983809083"
"337","5842295471","10.7828085","106.6959425","5842295470:0.0034138471983809083 5842295472:0.003484505961751966"
"338","5842295472","10.7828084","106.6959744","5842295471:0.003484505961751966 5842295473:0.00310548013418676"
"339","5842295473","10.7828017","106.6960020","5842295472:0.00310548013418676 5842295474:0.003446652851840608"
"340","5842295474","10.7827876","106.6960301","5842295473:0.003446652851840608 5842295475:0.003930737289433232"
"341","5842295475","10.7827648","106.6960576","5842295474:0.003930737289433232 10800768719:0.00339219705123657"
"342","5842295476","10.7827110","106.6960910","10800768719:0.0036641410742363468 10286925564:0.0043382625437268976"
"343","5842295478","10.7825965","106.6959887","5842295463:0.00682996208392482 5842295479:0.002897582687272629"
"344","5842295479","10.7826076","106.6960127","5842295478:0.002897582687272629 5842295480:0.0028479293036476837"
"345","5842295480","10.7826158","106.6960374","5842295479:0.0028479293036476837 10800768716:0.00311639621498218"
"346","5842295481","10.7826266","106.6961049","10286925564:0.0051871326576281825 10800768716:0.004365270551046981 5842295482:0.007940345236300897"
"347","5842295482","10.7826183","106.6961771","5842295450:0.010799726745009477 5842295451:0.010543753460310619 5842295481:0.007940345236300897"
"348","5842295483","10.7827222","106.6958217","5842295468:0.005900996182553967 5842295485:0.003730434378243053"
"349","5842295485","10.7826913","106.6958084","5842295483:0.003730434378243053 5842295486:0.003663813995987304"
"350","5842295486","10.7826589","106.6958023","5842295485:0.003663813995987304 5842295487:0.003569507567013996"
"351","5842295487","10.7826268","106.6958020","5842295486:0.003569507567013996 5842295488:0.0036261253634457"
"352","5842295488","10.7825952","106.6958102","5842295487:0.0036261253634457 5842295489:0.0032706767415410423"
"353","5842295489","10.7825704","106.6958263","5842295488:0.0032706767415410423 10800768718:0.0025571101948723266"
"354","5842295490","10.7825446","106.6958637","10800768718:0.002480914841272912 5842295491:0.0033736986905779447"
"355","5842295491","10.7825378","106.6958938","5842295490:0.0033736986905779447 5842295496:0.002809096505473829 5842295463:0.005425638025251415"
"356","5842295494","10.7824705","106.6958997","5842295409:0.011689769230000454 5842295495:0.002416579913043301"
"357","5842295495","10.7824908","106.6958918","5842295494:0.002416579913043301 5842295496:0.0024887691477124187"
"358","5842295496","10.7825130","106.6958889","5842295495:0.0024887691477124187 5842295491:0.002809096505473829"
"359","6315687803","10.782513","106.696803","2687992894:0.0"
"360","6315688500","10.7828028","106.6978548"," "
"361","6315688501","10.7829121","106.6978708"," "
"362","6345357685","10.783492","106.697366","7007819254:0.018028245945050446 3474054214:0.010843430346273126"
"363","6442018088","10.782851","106.69632","4214863989:0.005108295480362912 411918071:0.0020118947700894486"
"364","6520653696","10.783086","106.69585","1969579902:8.738520399113428E-4 701738630:0.0010110629588896273"
"365","6590947985","10.781889","106.697149","5313354622:0.0016398912823358033 5664247924:0.009674607558151298"
"366","6747201132","10.7841998","106.6971955","6747201133:0.013905308211594894 6790795377:0.017162900901624905"
"367","6747201133","10.7842826","106.6971001","6790795376:0.017513669222126077 6747201132:0.013905308211594894"
"368","6747201134","10.7840883","106.6969252","6790795376:0.011326689002648991 1969579542:0.013912678154319486"
"369","6747201135","10.783715","106.696947","411926578:0.012304130316871867 6747201135:0.0 5582484321:0.012081646694838966"
"370","6747201136","10.783893","106.696908","411926578:0.01712844710504255 6747201136:0.0 6790795375:0.016420245208552"
"371","6747201137","10.783862","106.697101","10813883806:0.005535357698658498 6747201137:0.0 411926578:0.011152060879028008"
"372","6747201138","10.783709","106.697118","9584806613:0.005770099932783864 6747201138:0.0 411926578:0.013616721257637679"
"373","6747204337","10.78333","106.697555","6790795379:0.03340519964897151 7007819254:0.009370839393040774"
"374","6747204338","10.783059","106.69787","411926580:0.029905588293883643 6790795379:0.012332666201602963"
"375","6747228547","10.784618","106.696035","9006176565:0.06289180053310099 6747228547:0.0 411926523:0.007558430785367655"
"376","6747228551","10.784125","106.696636","7916170422:0.010613981637402979 6747228551:0.0 6775609685:0.004680962831314643"
"377","6775609685","10.784153","106.696604","6747228551:0.004680962831314643 9006176565:0.017959901786527756"
"378","6790795374","10.7841663","106.6969576","6790795376:0.003969592774376266 1969579659:0.011465242129356313"
"379","6790795375","10.7839896","106.6967943","6747201136:0.016420245208552 7916170422:0.012313611880072255 1969579659:0.015071981155073293"
"380","6790795376","10.7841646","106.6969939","6747201134:0.011326689002648991 6747201133:0.017513669222126077 6790795377:0.013920483400662789 6790795374:0.003969592774376266"
"381","6790795377","10.7840841","106.6970915","6747201132:0.017162900901624905 1969579542:0.011685795817027968 6790795376:0.013920483400662789 6790795378:0.017744114612096788"
"382","6790795378","10.7839735","106.6972086","6790795377:0.017744114612096788 5772019367:0.03004237991364506 10813883806:0.011548484733243308"
"383","6790795379","10.783132","106.697785","6747204338:0.012332666201602963 6747204337:0.03340519964897151"
"384","6948408385","10.7835129","106.6966610"," "
"385","7007819254","10.783385","106.69749","6747204337:0.009370839393040774 6345357685:0.018028245945050446"
"386","7916170422","10.784062","106.696709","6790795375:0.012313611880072255 6747228551:0.010613981637402979"
"387","8995419784","10.783184","106.696429","4607172789:0.00366518947479286 5772019360:0.01200162482337632"
"388","9006176565","10.7842585","106.6964795","6775609685:0.017959901786527756 6747228547:0.06289180053310099"
"389","9006208098","10.7834056","106.6951257","1969579649:0.040670304370789695 411926597:0.027749459807042402"
"390","9439529053","10.7831587","106.6968222","9439529054:0.0036872537009450647 2039448695:0.010761783575314833"
"391","9439529054","10.7831348","106.6967988","2039448568:0.015827038787784232 9439529053:0.0036872537009450647"
"392","9439529055","10.7831631","106.6969632","2039448695:0.011030588950059343 9439529057:0.011400761988057912"
"393","9439529056","10.7833169","106.6971228","9439529061:0.013224376404545208 2039448694:0.019894240417243383"
"394","9439529057","10.7832342","106.6968880","9439529055:0.011400761988057912 9439529058:0.007943625414828102"
"395","9439529058","10.7832857","106.6969384","9439529057:0.007943625414828102 9439529059:0.006865417762175835"
"396","9439529059","10.7833285","106.6968931","9439529058:0.006865417762175835 9439529060:0.0066887142012246065"
"397","9439529060","10.7833719","106.6969355","9439529059:0.0066887142012246065 9439529062:0.0057588484232809255"
"398","9439529061","10.7833993","106.6970355","9439529062:0.009767656849189886 9439529056:0.013224376404545208"
"399","9439529062","10.7833360","106.6969735","9439529060:0.0057588484232809255 9439529061:0.009767656849189886"
"400","9439529063","10.7832006","106.6967097","9439529064:0.025082449300577698 9439529066:0.015753455073843053 9439529068:0.009533960427246385 9439529064:0.025082449300577698"
"401","9439529064","10.7830463","106.6968772","9439529063:0.025082449300577698 9439529065:0.01576904195160209 9439529063:0.025082449300577698 9439529065:0.01576904195160209"
"402","9439529065","10.7829429","106.6967784","9439529064:0.01576904195160209 9439529066:0.025082097048508802 9439529066:0.025082097048508802 9439529064:0.01576904195160209"
"403","9439529066","10.7830973","106.6966110","9439529065:0.025082097048508802 9439529063:0.015753455073843053 9439529065:0.025082097048508802 9439529067:0.00951083538584609"
"404","9439529067","10.7831554","106.6965471","9439529066:0.00951083538584609 9439529068:0.015762210536623782"
"405","9439529068","10.7832589","106.6966457","9439529067:0.015762210536623782 9439529063:0.009533960427246385"
"406","9439529069","10.7826807","106.6975788","1770193944:0.018262018201945136 9439529070:0.011713619264133045"
"407","9439529070","10.7827585","106.6976511","9439529069:0.011713619264133045 1770193913:0.01011354158344504"
"408","9439529071","10.7825751","106.6972348","9439529072:0.029465648945148363 9439529076:0.011393034655756704"
"409","9439529072","10.7823962","106.6974338","9439529071:0.029465648945148363 9439529073:0.01793976775171136"
"410","9439529073","10.7822772","106.6973229","9439529072:0.01793976775171136 9439529074:0.026853816685790163"
"411","9439529074","10.7824402","106.6971415","9439529073:0.026853816685790163 9439529075:0.006546730677418156"
"412","9439529075","10.7824836","106.6971820","9439529074:0.006546730677418156 9439529076:0.002611846931722411"
"413","9439529076","10.7824995","106.6971644","9439529075:0.002611846931722411 9439529071:0.011393034655756704"
"414","9584806613","10.783674","106.697157","3474054214:0.019665253841119473 6747201138:0.005770099932783864"
"415","9584833437","10.782307","106.696274","411918451:0.025941457378499892 10811927859:0.005937788510726576"
"416","9584833438","10.782113","106.697359","5404586822:0.023407575346927962 9671017352:0.01958691734182872"
"417","9594094671","10.7827388","106.6971034","9594094672:0.010483156444872764 9594094674:0.017133434269823816"
"418","9594094672","10.7828087","106.6971678","9594094673:0.01713406214936345 9594094671:0.010483156444872764"
"419","9594094673","10.7829121","106.6970515","9594094674:0.010467580746974996 9594094672:0.01713406214936345"
"420","9594094674","10.7828423","106.6969872","9594094673:0.010467580746974996 9594094671:0.017133434269823816"
"421","9598795186","10.7837913","106.6957039","9598795189:0.004886434731087526 9598795187:0.005360998718334093"
"422","9598795187","10.7838276","106.6957362","9598795186:0.005360998718334093 9598795188:0.029870797325336707"
"423","9598795188","10.7840045","106.6955304","9598795187:0.029870797325336707 9598795191:0.005352630041195027"
"424","9598795189","10.7837624","106.6957376","9598795190:0.010698066757855538 9598795186:0.004886434731087526"
"425","9598795190","10.7838348","106.6958021","9598795191:0.034756329467546074 9598795189:0.010698066757855538"
"426","9598795191","10.7840407","106.6955627","9598795190:0.034756329467546074 9598795188:0.005352630041195027"
"427","9598795192","10.7841313","106.6962651","9598795193:0.001901411663933612 9598795194:0.009709543163875827"
"428","9598795193","10.7841192","106.6962774","9598795197:0.00544699080283179 9598795192:0.001901411663933612"
"429","9598795194","10.7841930","106.6963280","9598795192:0.009709543163875827 9598795195:0.02607438631899657"
"430","9598795195","10.7840270","106.6964966","9598795194:0.02607438631899657 9598795196:0.015156537790271174"
"431","9598795196","10.7839307","106.6963984","9598795195:0.015156537790271174 9598795197:0.02417297889494788"
"432","9598795197","10.7840846","106.6962421","9598795193:0.00544699080283179 9598795196:0.02417297889494788"
"433","9598795198","10.7841059","106.6965829","9598795201:0.018936838757392258 9598795199:0.004606636151405199"
"434","9598795199","10.7840776","106.6966137","9598795198:0.004606636151405199 9598795200:0.018929381295736254"
"435","9598795200","10.7839532","106.6964954","9598795199:0.018929381295736254 9598795201:0.004614620574431814"
"436","9598795201","10.7839815","106.6964645","9598795198:0.018936838757392258 9598795200:0.004614620574431814"
"437","9598795202","10.7839524","106.6965241","9598795203:0.009971408310504934 9598795205:0.015074179484012786"
"438","9598795203","10.7838938","106.6965932","9598795204:0.015074180739539844 9598795202:0.009971408310504934"
"439","9598795204","10.7839964","106.6966834","9598795205:0.009971406362979897 9598795203:0.015074180739539844"
"440","9598795205","10.7840550","106.6966143","9598795204:0.009971406362979897 9598795202:0.015074179484012786"
"441","9598795206","10.7838357","106.6965633","9598795207:0.012118184790118475 9598795209:0.021839480410442876"
"442","9598795207","10.7837659","106.6966485","9598795208:0.021839482490645247 9598795206:0.012118184790118475"
"443","9598795208","10.7839167","106.6967766","9598795209:0.012118181207197315 9598795207:0.021839482490645247"
"444","9598795209","10.7839865","106.6966914","9598795208:0.012118181207197315 9598795206:0.021839480410442876"
"445","9598804187","10.7839854","106.6950753","9598804191:0.012226852150817593 9598804190:0.002018247985898242 9598804192:0.01148614547373514 9598804191:0.012226852150817593"
"446","9598804188","10.7838600","106.6950449","9598804189:0.014237371099780408 9598804191:0.007488564997628538"
"447","9598804189","10.7839507","106.6951369","9598804190:0.0074808244417813915 9598804188:0.014237371099780408"
"448","9598804190","10.7839982","106.6950884","9598804187:0.002018247985898242 9598804189:0.0074808244417813915"
"449","9598804191","10.7839075","106.6949963","9598804187:0.012226852150817593 9598804188:0.007488564997628538 9598804187:0.012226852150817593 9598804193:0.011478410726759805"
"450","9598804192","10.7840583","106.6950008","9598804193:0.012219143991126275 9598804187:0.01148614547373514"
"451","9598804193","10.7839804","106.6949219","9598804192:0.012219143991126275 9598804191:0.011478410726759805"
"452","9598825202","10.7840344","106.6973591","9598825205:0.01815913413795968 9598825203:0.019998051113063634"
"453","9598825203","10.7839106","106.6974919","9598825202:0.019998051113063634 9598825204:0.01815913768415817"
"454","9598825204","10.7837922","106.6973774","9598825203:0.01815913768415817 9598825205:0.01999805525341972"
"455","9598825205","10.7839160","106.6972446","9598825202:0.01815913413795968 9598825204:0.01999805525341972"
"456","9598825206","10.7839519","106.6979198","9598825209:0.005152377839192955 9598825207:0.008852394119701684"
"457","9598825207","10.7838966","106.6979781","9598825206:0.008852394119701684 9598825208:0.005144788729153608"
"458","9598825208","10.7838633","106.6979454","9598825207:0.005144788729153608 9598825209:0.008860255681040877"
"459","9598825209","10.7839186","106.6978870","9598825206:0.005152377839192955 9598825208:0.008860255681040877"
"460","9598825210","10.7840901","106.6979581","9598825211:0.013843715362305943 9598825213:0.004433986736899454"
"461","9598825211","10.7840006","106.6978700","9598825212:0.004433987419543801 9598825210:0.013843715362305943"
"462","9598825212","10.7839729","106.6978992","9598825213:0.013843715978303655 9598825211:0.004433987419543801"
"463","9598825213","10.7840624","106.6979873","9598825212:0.013843715978303655 9598825210:0.004433986736899454"
"464","9598825214","10.7840009","106.6978589","9598831118:0.014977496783123373 9598825215:0.006966600922143777"
"465","9598825215","10.7839566","106.6979040","9598825214:0.006966600922143777 9598831117:0.005369202728685957"
"466","9598825216","10.7840234","106.6977676","9598831117:0.015796646230131176 9598831119:0.02026073176218717"
"467","9598831117","10.7839224","106.6978693","9598825215:0.005369202728685957 9598825216:0.015796646230131176"
"468","9598831118","10.7840962","106.6979558","9598831119:0.009444575776141374 9598825214:0.014977496783123373"
"469","9598831119","10.7841562","106.6978946","9598831118:0.009444575776141374 9598825216:0.02026073176218717"
"470","9598831323","10.7839326","106.6957665","9598831324:0.013565686992646098 9598831326:0.016701976087656875"
"471","9598831324","10.7840255","106.6958470","9598831325:0.01670308521158095 9598831323:0.013565686992646098"
"472","9598831325","10.7841228","106.6957305","9598831326:0.013550137687961787 9598831324:0.01670308521158095"
"473","9598831326","10.7840300","106.6956501","9598831325:0.013550137687961787 9598831323:0.016701976087656875"
"474","9598882480","10.7839130","106.6967827","9598882483:0.025544333405796742 9598882481:0.01112732946594466"
"475","9598882481","10.7838484","106.6968605","9598882480:0.01112732946594466 9598882482:0.025551385420300946"
"476","9598882482","10.7836729","106.6967095","9598882481:0.025551385420300946 9598882483:0.011118993250296676"
"477","9598882483","10.7837375","106.6966318","9598882480:0.025544333405796742 9598882482:0.011118993250296676"
"478","9598882484","10.7831922","106.6972253","9598882485:0.011287543660076307 9598882487:0.012016294016434063"
"479","9598882485","10.7832653","106.6972970","9598882486:0.012016292503121227 9598882484:0.011287543660076307"
"480","9598882486","10.7833403","106.6972178","9598882487:0.011287542305431636 9598882485:0.012016292503121227"
"481","9598882487","10.7832672","106.6971461","9598882486:0.011287542305431636 9598882484:0.012016294016434063"
"482","9599272891","10.7817259","106.6966671","9599272893:0.00876657215646448 9599272896:0.010397058294181302"
"483","9599272892","10.7817035","106.6966198","9599272895:0.0012413494575576377 9599272898:0.004570003799131931"
"484","9599272893","10.7816731","106.6967267","9599272891:0.00876657215646448 9599272894:0.006557605533450973"
"485","9599272894","10.7816293","106.6966865","9599272893:0.006557605533450973 9599272895:0.01093454735889938"
"486","9599272895","10.7816952","106.6966122","9599272894:0.01093454735889938 9599272892:0.0012413494575576377"
"487","9599272896","10.7817952","106.6967310","9599272897:0.0067224233177105965 9599272891:0.010397058294181302"
"488","9599272897","10.7818358","106.6966854","9599272898:0.015712395492479044 9599272896:0.0067224233177105965"
"489","9599272898","10.7817311","106.6965888","9599272892:0.004570003799131931 9599272897:0.015712395492479044"
"490","9599295204","10.7825841","106.6965998","10727789280:0.008459953441991703 10727789278:0.016447537844768927 10727789278:0.016447537844768927 10727789280:0.008459953441991703"
"491","9599295205","10.7825324","106.6967805","10727789278:0.004792923001136306 10727789282:0.017878648576353816 10727789282:0.017878648576353816 10727789278:0.004792923001136306"
"492","9599295206","10.7822586","106.6965157","10727789281:0.003952688408611738 9599295207:0.013474738841274973"
"493","9599295207","10.7823421","106.6964263","10727789275:0.005747641626105944 9599295206:0.013474738841274973"
"494","9599295208","10.7819071","106.6961551","9599295209:0.018330568895267223 9599295211:0.011700510136484791 10727721992:0.00846193391777697 9599295209:0.018330568895267223 9599295211:0.011700510136484791 10727721992:0.00846193391777697"
"495","9599295209","10.7820278","106.6962694","9599295210:0.011700507623089686 9599295208:0.018330568895267223 10727721993:0.008536788818230775 9599295210:0.011700507623089686 9599295208:0.018330568895267223 10727721993:0.008536788818230775"
"496","9599295210","10.7820995","106.6961910","9599295211:0.018330566867656377 9599295209:0.011700507623089686 10727721993:0.008506524100219834 9599295211:0.018330566867656377 10727721993:0.008506524100219834 9599295209:0.011700507623089686"
"497","9599295211","10.7819788","106.6960767","9599295210:0.018330566867656377 9599295208:0.011700510136484791 10727721992:0.00857774594783945 9599295210:0.018330566867656377 10727721992:0.00857774594783945 9599295208:0.011700510136484791"
"498","9671017352","10.782243","106.69748","9584833438:0.01958691734182872 1770193818:0.002961556974031017"
"499","9671375217","10.783352","106.696464","5772019371:0.009938955194284747 5772019370:0.0722934879932081"
"500","10286925564","10.7826730","106.6961000","5842295476:0.0043382625437268976 5842295481:0.0051871326576281825"
"501","10727644824","10.7809298","106.6943233","5778360095:0.0599339312692775 411926212:0.059279213339427414"
"502","10727721942","10.7821090","106.6956303","10727721943:0.03333336122711567 10727721950:0.009440490592940375"
"503","10727721943","10.7818850","106.6954275","10727721942:0.03333336122711567 10727721952:0.0032361083348169035"
"504","10727721944","10.7817136","106.6956236","10727721954:0.01685469848638453 10727721945:0.006537784660022455 10727721954:0.01685469848638453 10727721945:0.006537784660022455"
"505","10727721945","10.7817576","106.6956633","10727721944:0.006537784660022455 10727721946:0.003542629132085244 10727721944:0.006537784660022455 10727721946:0.003542629132085244"
"506","10727721946","10.7817787","106.6956390","10727721945:0.003542629132085244 10727721947:0.003686645917389641 10727721945:0.003542629132085244 10727721947:0.003686645917389641"
"507","10727721947","10.7818035","106.6956614","10727721946:0.003686645917389641 10727721948:0.02234339744881998 10727721946:0.003686645917389641 10727721948:0.02234339744881998"
"508","10727721948","10.7820038","106.6956777","10727721947:0.02234339744881998 10727721949:0.0022005374886968124 10727721949:0.0022005374886968124 10727721947:0.02234339744881998"
"509","10727721949","10.7820169","106.6956626","10727721948:0.0022005374886968124 10727721950:0.005310961857978205 10727721948:0.0022005374886968124 10727721951:0.006249730754606017"
"510","10727721950","10.7820526","106.6956949","10727721949:0.005310961857978205 10727721942:0.009440490592940375"
"511","10727721951","10.7820542","106.6956198","10727721949:0.006249730754606017 10727721952:0.028056719282517333"
"512","10727721952","10.7818654","106.6954494","10727721943:0.0032361083348169035 10727721955:0.003262815457358134 10727721951:0.028056719282517333 10727721955:0.003262815457358134"
"513","10727721953","10.7818938","106.6955814","10727721954:0.01195904456338398 10727721956:0.005318807228609219"
"514","10727721954","10.7818140","106.6955080","10727721955:0.005318808005150219 10727721944:0.01685469848638453 10727721955:0.005318808005150219 10727721944:0.01685469848638453 10727721953:0.01195904456338398 10727721955:0.005318808005150219"
"515","10727721955","10.7818461","106.6954719","10727721952:0.003262815457358134 10727721954:0.005318808005150219 10727721952:0.003262815457358134 10727721954:0.005318808005150219 10727721954:0.005318808005150219 10727721956:0.01195904399094509"
"516","10727721956","10.7819259","106.6955453","10727721955:0.01195904399094509 10727721953:0.005318807228609219"
"517","10727721957","10.7819014","106.6953595","10727721958:0.03995622311162278"
"518","10727721958","10.7816607","106.6956311","10727721957:0.03995622311162278 10727721959:0.00910991180925292"
"519","10727721959","10.7817215","106.6956870","10727721958:0.00910991180925292 10727721960:0.0425662675067879"
"520","10727721960","10.7821035","106.6957123","10727721959:0.0425662675067879 10727721961:0.014955058455047606"
"521","10727721961","10.7821912","106.6956085","10727721960:0.014955058455047606"
"522","10727721962","10.7818884","106.6953546","10727721963:0.004238894575636557 10727721965:0.03942203615031883"
"523","10727721963","10.7818601","106.6953286","10727721962:0.004238894575636557 10727721964:0.03941394563602264"
"524","10727721964","10.7816220","106.6955959","10727721963:0.03941394563602264 10727721965:0.004246222298994448"
"525","10727721965","10.7816503","106.6956220","10727721964:0.004246222298994448 10727721962:0.03942203615031883"
"526","10727721966","10.7815422","106.6951979","2036596231:0.02975423720080874 2036596368:0.011440652889000856 2036596231:0.02975423720080874 10727721967:0.00394422550860125"
"527","10727721967","10.7815180","106.6952243","10727721966:0.00394422550860125 10727721968:0.006450281757887019"
"528","10727721968","10.7814756","106.6951840","10727721967:0.006450281757887019 10727721969:0.005526657726707038"
"529","10727721969","10.7814259","106.6951835","10727721968:0.005526657726707038 10727721970:0.006532051665958611"
"530","10727721970","10.7813858","106.6952272","2036596338:0.005568234279365999 2037755997:0.010583594536386007 10727721969:0.006532051665958611 2037755997:0.010583594536386007"
"531","10727721971","10.7816757","106.6954147","10727721972:0.005037776168646131 10727721974:0.006804404342494146"
"532","10727721972","10.7816427","106.6953831","10727721971:0.005037776168646131 10727721973:0.006804404739038758"
"533","10727721973","10.7816008","106.6954285","10727721972:0.006804404739038758 10727721974:0.005037776498140021"
"534","10727721974","10.7816338","106.6954601","10727721973:0.005037776498140021 10727721971:0.006804404342494146"
"535","10727721982","10.7816247","106.6955064","10727721983:0.017829989265834092 10727721985:0.021813843584709825"
"536","10727721983","10.7815160","106.6956264","10727721982:0.017829989265834092 10727721984:0.02181384720640147"
"537","10727721984","10.7813718","106.6954910","10727721983:0.02181384720640147 10727721985:0.017829993885248578"
"538","10727721985","10.7814805","106.6953710","10727721984:0.017829993885248578 10727721982:0.021813843584709825"
"539","10727721992","10.7819832","106.6961551","10727721993:0.005942030316468485 9599295211:0.00857774594783945 10727721993:0.005942030316468485 9599295208:0.00846193391777697 9599295211:0.00857774594783945 9599295208:0.00846193391777697"
"540","10727721993","10.7820230","106.6961914","9599295210:0.008506524100219834 10727721992:0.005942030316468485 9599295210:0.008506524100219834 9599295209:0.008536788818230775 10727721992:0.005942030316468485 9599295209:0.008536788818230775"
"541","10727721994","10.782296","106.696027","411918060:0.005922292953618339 701738626:0.008942514794531143"
"542","10727789275","10.7823937","106.6964232","9599295207:0.005747641626105944 10727789276:0.004748584128591273 10727789281:0.01768363431670241 10727789276:0.004748584128591273"
"543","10727789276","10.7824247","106.6964531","10727789275:0.004748584128591273 10727789277:0.00243749167467109 10727789277:0.00243749167467109 10727789275:0.004748584128591273"
"544","10727789277","10.7824239","106.6964754","10727789276:0.00243749167467109 10727789279:0.013816895184188854 10727789279:0.013816895184188854 10727789276:0.00243749167467109"
"545","10727789278","10.7825621","106.6967487","9599295204:0.016447537844768927 9599295205:0.004792923001136306 9599295204:0.016447537844768927 9599295205:0.004792923001136306"
"546","10727789279","10.7825141","106.6965624","10727789277:0.013816895184188854 10727789280:0.0023926341447764146 10727789282:0.015875286276907034 10727789277:0.013816895184188854 10727789280:0.0023926341447764146 10727789282:0.015875286276907034"
"547","10727789280","10.7825289","106.6965465","10727789279:0.0023926341447764146 9599295204:0.008459953441991703 9599295204:0.008459953441991703 10727789279:0.0023926341447764146"
"548","10727789281","10.7822843","106.6965407","10727789282:0.02016319431517673 9599295206:0.003952688408611738 10727789275:0.01768363431670241 10727789282:0.02016319431517673"
"549","10727789282","10.7824158","106.6966678","9599295205:0.017878648576353816 10727789281:0.02016319431517673 10727789281:0.02016319431517673 10727789279:0.015875286276907034 10727789279:0.015875286276907034 9599295205:0.017878648576353816"
"550","10727789283","10.7828554","106.6966194","10727789284:0.013170972280268737 10727789286:0.01779885819746661"
"551","10727789284","10.7827375","106.6966078","10727789283:0.013170972280268737 10727789285:0.017809738291031163"
"552","10727789285","10.7827222","106.6967701","10727789284:0.017809738291031163 10727789286:0.01316992593344981"
"553","10727789286","10.7828401","106.6967816","10727789285:0.01316992593344981 10727789283:0.01779885819746661"
"554","10727789287","10.7828509","106.6966235","10727789290:0.016773904116047924 10727789291:0.004526814364587178 10727789291:0.004526814364587178 10727789288:0.006980517757558001"
"555","10727789288","10.7827884","106.6966175","10727789291:0.0045431207621811995 10727789287:0.006980517757558001 10727789289:0.016785818567067182 10727789291:0.0045431207621811995"
"556","10727789289","10.7827743","106.6967705","10727789292:0.004566681945277201 10727789288:0.016785818567067182 10727789290:0.006990572738043096 10727789292:0.004566681945277201"
"557","10727789290","10.7828369","106.6967764","10727789287:0.016773904116047924 10727789292:0.0045351719735055125 10727789289:0.006990572738043096 10727789292:0.0045351719735055125"
"558","10727789291","10.7828173","106.6966469","10727789292:0.010969928073957524 10727789287:0.004526814364587178 10727789287:0.004526814364587178 10727789288:0.0045431207621811995 10727789292:0.010969928073957524 10727789288:0.0045431207621811995"
"559","10727789292","10.7828082","106.6967469","10727789290:0.0045351719735055125 10727789291:0.010969928073957524 10727789291:0.010969928073957524 10727789289:0.004566681945277201 10727789289:0.004566681945277201 10727789290:0.0045351719735055125"
"560","10727789293","10.7827976","106.6964437","10727789294:0.011917173796279048 10727789298:0.010341151253794865"
"561","10727789294","10.7827975","106.6965528","10727789293:0.011917173796279048 10727789295:0.007817010974798767"
"562","10727789295","10.7827272","106.6965527","10727789294:0.007817010974798767 10727789296:0.0038449696352064076"
"563","10727789296","10.7827273","106.6965175","10727789295:0.0038449696352064076 10727789297:0.0025352678587459727"
"564","10727789297","10.7827045","106.6965174","10727789296:0.0025352678587459727 10727789298:0.008072226104420264"
"565","10727789298","10.7827046","106.6964435","10727789297:0.008072226104420264 10727789293:0.010341151253794865"
"566","10727789299","10.7830353","106.6964391","10727789300:0.009104788887478458 10727829907:0.02251579346193322"
"567","10727789300","10.7829751","106.6963826","10727789299:0.009104788887478458 10727789301:0.005538584579911625"
"568","10727789301","10.7829253","106.6963816","10727789300:0.005538584579911625 10727789302:0.009590719009865356"
"569","10727789302","10.7828671","106.6964464","10727789301:0.009590719009865356 10727789303:0.005403008688196483"
"570","10727789303","10.7828188","106.6964518","10727789302:0.005403008688196483 10727789304:0.005186825977611667"
"571","10727789304","10.7828239","106.6964990","10727789303:0.005186825977611667 10727829905:0.007591285052895697"
"572","10727829905","10.7828741","106.6965461","10727789304:0.007591285052895697 10727829906:0.0017777274589400047"
"573","10727829906","10.7828633","106.6965581","10727829905:0.0017777274589400047 10727829907:0.005258710613487493"
"574","10727829907","10.7828981","106.6965907","10727829906:0.005258710613487493 10727789299:0.02251579346193322"
"575","10727829908","10.7830315","106.6964391","10727829909:0.0042200180843572545 10727829911:0.005355323779879802"
"576","10727829909","10.7830037","106.6964128","10727829908:0.0042200180843572545 10727829910:0.005355324045223402"
"577","10727829910","10.7829709","106.6964487","10727829909:0.005355324045223402 10727829911:0.004220018297579094"
"578","10727829911","10.7829987","106.6964750","10727829910:0.004220018297579094 10727829908:0.005355323779879802"
"579","10727829912","10.7829618","106.6964476","10727829913:0.006865689631683525 10727829917:0.007990726509867789"
"580","10727829913","10.7829164","106.6964050","10727829912:0.006865689631683525 10727829914:0.014242905319615235"
"581","10727829914","10.7828294","106.6965007","10727829913:0.014242905319615235 10727829915:0.009439378468805019"
"582","10727829915","10.7828917","106.6965594","10727829914:0.009439378468805019 10727829916:0.0062757661661639675"
"583","10727829916","10.7829300","106.6965172","10727829915:0.0062757661661639675 10727829917:0.002567040587256651"
"584","10727829917","10.7829130","106.6965013","10727829916:0.002567040587256651 10727829912:0.007990726509867789"
"585","10727829918","10.7829177","106.6966166","10727829919:0.014440352142798969 10727829921:0.004712079070647526"
"586","10727829919","10.7828207","106.6965287","10727829918:0.014440352142798969 10727829920:0.00472023893448678"
"587","10727829920","10.7827925","106.6965610","10727829919:0.00472023893448678 10727829921:0.014433092188655332"
"588","10727829921","10.7828895","106.6966488","10727829920:0.014433092188655332 10727829918:0.004712079070647526"
"589","10800768716","10.7826221","106.6960652","5842295480:0.00311639621498218 5842295481:0.004365270551046981"
"590","10800768717","10.7826114","106.6958724","5842295460:0.002959735785327598 5842295461:0.0025398655189211327"
"591","10800768718","10.7825548","106.6958435","5842295489:0.0025571101948723266 5842295490:0.002480914841272912"
"592","10800768719","10.7827409","106.6960769","5842295475:0.00339219705123657 5842295476:0.0036641410742363468"
"593","10800768720","10.7828651","106.6959214","5842295465:0.002244322689762706 5842295466:0.0019358372658549428"
"594","10811927859","10.7823443","106.6962351","5842295430:0.0070141824113892585 5842295431:0.008084869426525261 9584833437:0.005937788510726576 411918898:0.005072878419981295"
"595","10811927861","10.7823407","106.6956519","5842295425:0.013087599491359559 5842295426:0.002011079052654971 411918058:0.0047816532884740436 5778360103:0.0651513365948363"
"596","10813883806","10.783898","106.697136","6790795378:0.011548484733243308 6747201137:0.005535357698658498"
"597","10873408529","10.7825587","106.6947872","2687992866:0.004477464649936767 10873408530:0.022816435202283367"
"598","10873408530","10.7824189","106.6949401","10873408529:0.022816435202283367 2687992869:0.007448876112000636"
"599","10873408531","10.7830683","106.6953186","2687992856:0.023318286582281536 10873408532:0.01193878974137134"
"600","10873408532","10.7829837","106.6952513","2687992857:0.022828755642347952 10873408531:0.01193878974137134"
"601","10873408533","10.7829604","106.6945021","10873408534:0.029360177982977017 10873408544:0.02571238518520858"
"602","10873408534","10.7831526","106.6946864","10873408533:0.029360177982977017 10873408535:0.0015588482080461227"
"603","10873408535","10.7831622","106.6946760","10873408534:0.0015588482080461227 10873408536:0.03075581586390856"
"604","10873408536","10.7833635","106.6948691","10873408535:0.03075581586390856 10873408537:0.0024317222403557577"
"605","10873408537","10.7833485","106.6948853","10873408536:0.0024317222403557577 10873408538:0.004881328331318834"
"606","10873408538","10.7833804","106.6949160","10873408537:0.004881328331318834 10873408539:0.04108245304863843"
"607","10873408539","10.7831271","106.6951898","10873408538:0.04108245304863843 10873408545:0.003556105514118294"
"608","10873408540","10.7829265","106.6949946","10873408546:0.02233398398191811 10873408541:0.0017692797321364347"
"609","10873408541","10.7829156","106.6950064","10873408540:0.0017692797321364347 10873408542:0.041439136878778184"
"610","10873408542","10.7826444","106.6947462","10873408541:0.041439136878778184 10873408543:0.01779355156453429"
"611","10873408543","10.7827542","106.6946277","10873408542:0.01779355156453429 10873408544:0.007275539677253524"
"612","10873408544","10.7828018","106.6946734","10873408543:0.007275539677253524 10873408533:0.02571238518520858"
"613","10873408545","10.7831038","106.6951675","10873408539:0.003556105514118294 10873408548:0.0037178396251170863"
"614","10873408546","10.7830727","106.6951348","10873408551:0.005042727357278299 10873408540:0.02233398398191811"
"615","10873408547","10.7829772","106.6951066","2687992850:0.009391861095804853 10873408551:0.009841169635738936"
"616","10873408548","10.7830809","106.6951923","10873408545:0.0037178396251170863 10873408549:0.005318270702107699"
"617","10873408549","10.7831157","106.6952257","10873408548:0.005318270702107699 10873408550:0.010490741478668185"
"618","10873408550","10.7830510","106.6952956","10873408549:0.010490741478668185 2687992850:0.020126778148361276"
"619","10873408551","10.7830416","106.6951684","10873408547:0.009841169635738936 10873408546:0.005042727357278299"
"620","10873408552","10.7826865","106.6949742","2687992870:0.016871938918984572 2687992880:0.009190539798821083"
"621","11001016177","10.7830508","106.6952989","11001016181:0.02067403535944478 2687992851:0.0016959661963473567"
"622","11001016178","10.7829757","106.6951039","11001016179:0.05704304977273239 11001016181:0.009805103887642037"
"623","11001016179","10.7826012","106.6947470","11001016180:0.047761944713204454 11001016178:0.05704304977273239"
"624","11001016180","10.7828957","106.6944287","11074440874:0.00691353503889779 11001016179:0.047761944713204454"
"625","11001016181","10.7829153","106.6951693","11001016178:0.009805103887642037 11001016177:0.02067403535944478"
"626","11074440874","10.7829423","106.6944706","11001016180:0.00691353503889779 2687992836:0.0712215540772011"
"627","11274969460","10.7824485","106.6956066","4359559994:0.01449808148714446 411918058:0.011801499631575877"
